[{"model": "contenttypes.contenttype", "pk": 1, "fields": {"app_label": "admin", "model": "logentry"}}, {"model": "contenttypes.contenttype", "pk": 2, "fields": {"app_label": "auth", "model": "permission"}}, {"model": "contenttypes.contenttype", "pk": 3, "fields": {"app_label": "auth", "model": "group"}}, {"model": "contenttypes.contenttype", "pk": 4, "fields": {"app_label": "auth", "model": "user"}}, {"model": "contenttypes.contenttype", "pk": 5, "fields": {"app_label": "contenttypes", "model": "contenttype"}}, {"model": "contenttypes.contenttype", "pk": 6, "fields": {"app_label": "sessions", "model": "session"}}, {"model": "contenttypes.contenttype", "pk": 7, "fields": {"app_label": "student", "model": "student"}}, {"model": "contenttypes.contenttype", "pk": 8, "fields": {"app_label": "planning", "model": "iteration"}}, {"model": "contenttypes.contenttype", "pk": 9, "fields": {"app_label": "planning", "model": "personal"}}, {"model": "contenttypes.contenttype", "pk": 10, "fields": {"app_label": "repoPlan", "model": "shift"}}, {"model": "contenttypes.contenttype", "pk": 11, "fields": {"app_label": "personal", "model": "person"}}, {"model": "contenttypes.contenttype", "pk": 12, "fields": {"app_label": "planning", "model": "specificday"}}, {"model": "contenttypes.contenttype", "pk": 13, "fields": {"app_label": "planning", "model": "messagequeue"}}, {"model": "contenttypes.contenttype", "pk": 14, "fields": {"app_label": "planning", "model": "parameters"}}, {"model": "sessions.session", "pk": "2ra9pias43ik4ghre3mv64yy6vh5gyxk", "fields": {"session_data": "MGZmYzFkZWZjNDNkYzI4ZjJkOWQ0NjlhYTk4YTVlOGIwMzBmOWU2Mjp7Il9hdXRoX3VzZXJfaWQiOiIxIiwiX2F1dGhfdXNlcl9iYWNrZW5kIjoiZGphbmdvLmNvbnRyaWIuYXV0aC5iYWNrZW5kcy5Nb2RlbEJhY2tlbmQiLCJfYXV0aF91c2VyX2hhc2giOiJmZTRlNWI1ZDljZTc4NDM0NjA1NTkyOWVjOGRhM2VhY2UzNWUxNGIwIn0=", "expire_date": "2020-04-09T03:02:01.964Z"}}, {"model": "planning.personal", "pk": 1, "fields": {"sex": "F", "children": true, "days": "\n", "role": "P", "available": true, "person": 1}}, {"model": "planning.personal", "pk": 2, "fields": {"sex": "F", "children": false, "days": "", "role": "P", "available": true, "person": 2}}, {"model": "planning.personal", "pk": 3, "fields": {"sex": "M", "children": false, "days": "", "role": "P", "available": true, "person": 3}}, {"model": "planning.personal", "pk": 4, "fields": {"sex": "M", "children": false, "days": "", "role": "P", "available": true, "person": 4}}, {"model": "planning.personal", "pk": 5, "fields": {"sex": "M", "children": false, "days": "1", "role": "P", "available": true, "person": 5}}, {"model": "planning.personal", "pk": 6, "fields": {"sex": "M", "children": false, "days": "2,3", "role": "P", "available": true, "person": 6}}, {"model": "planning.personal", "pk": 7, "fields": {"sex": "M", "children": false, "days": "4", "role": "P", "available": true, "person": 7}}, {"model": "planning.personal", "pk": 8, "fields": {"sex": "F", "children": false, "days": "", "role": "P", "available": true, "person": 8}}, {"model": "planning.personal", "pk": 9, "fields": {"sex": "F", "children": false, "days": "", "role": "P", "available": true, "person": 9}}, {"model": "planning.personal", "pk": 10, "fields": {"sex": "M", "children": false, "days": "", "role": "S", "available": true, "person": 10}}, {"model": "planning.personal", "pk": 11, "fields": {"sex": "M", "children": false, "days": "", "role": "S", "available": true, "person": 11}}, {"model": "planning.personal", "pk": 12, "fields": {"sex": "M", "children": false, "days": "2", "role": "S", "available": true, "person": 12}}, {"model": "planning.personal", "pk": 13, "fields": {"sex": "F", "children": false, "days": "3", "role": "S", "available": true, "person": 13}}, {"model": "planning.personal", "pk": 14, "fields": {"sex": "M", "children": false, "days": "4", "role": "S", "available": true, "person": 14}}, {"model": "planning.personal", "pk": 15, "fields": {"sex": "F", "children": false, "days": "3,4", "role": "S", "available": true, "person": 15}}, {"model": "planning.personal", "pk": 16, "fields": {"sex": "M", "children": false, "days": "5,1", "role": "S", "available": true, "person": 16}}, {"model": "planning.personal", "pk": 17, "fields": {"sex": "M", "children": false, "days": "", "role": "S", "available": true, "person": 17}}, {"model": "planning.personal", "pk": 18, "fields": {"sex": "M", "children": false, "days": "1,2,3", "role": "S", "available": true, "person": 18}}, {"model": "planning.personal", "pk": 19, "fields": {"sex": "F", "children": false, "days": "", "role": "S", "available": true, "person": 19}}, {"model": "planning.personal", "pk": 20, "fields": {"sex": "M", "children": false, "days": "", "role": "S", "available": true, "person": 20}}, {"model": "planning.personal", "pk": 21, "fields": {"sex": "F", "children": false, "days": "", "role": "S", "available": true, "person": 21}}, {"model": "planning.personal", "pk": 22, "fields": {"sex": "M", "children": false, "days": "", "role": "S", "available": true, "person": 22}}, {"model": "planning.personal", "pk": 23, "fields": {"sex": "M", "children": false, "days": "", "role": "S", "available": true, "person": 23}}, {"model": "planning.personal", "pk": 24, "fields": {"sex": "M", "children": false, "days": "", "role": "S", "available": true, "person": 24}}, {"model": "planning.personal", "pk": 25, "fields": {"sex": "F", "children": true, "days": "\n", "role": "S", "available": true, "person": 25}}, {"model": "planning.messagequeue", "pk": 1, "fields": {"state": "pending", "percent": 0}}, {"model": "planning.iteration", "pk": 240, "fields": {"algorithm": "metaHeuristic", "heuristic": 0, "number": 1, "type_guard": "P", "executor": null, "date_start": "2020-04-18", "date_end": "2020-04-19", "message": null}}, {"model": "planning.iteration", "pk": 241, "fields": {"algorithm": "Static", "heuristic": 0, "number": 1, "type_guard": "S", "executor": null, "date_start": "2020-04-18", "date_end": "2020-04-19", "message": null}}, {"model": "planning.iteration", "pk": 243, "fields": {"algorithm": "metaHeuristic", "heuristic": 5, "number": 2, "type_guard": "P", "executor": null, "date_start": "2020-04-20", "date_end": "2020-04-21", "message": null}}, {"model": "planning.iteration", "pk": 244, "fields": {"algorithm": "Static", "heuristic": 7, "number": 2, "type_guard": "S", "executor": null, "date_start": "2020-04-20", "date_end": "2020-04-21", "message": null}}, {"model": "planning.iteration", "pk": 246, "fields": {"algorithm": "metaHeuristic", "heuristic": 9, "number": 3, "type_guard": "P", "executor": null, "date_start": "2020-04-22", "date_end": "2020-04-23", "message": null}}, {"model": "planning.iteration", "pk": 247, "fields": {"algorithm": "Static", "heuristic": 16, "number": 3, "type_guard": "S", "executor": null, "date_start": "2020-04-22", "date_end": "2020-04-23", "message": null}}, {"model": "repoPlan.shift", "pk": 2458, "fields": {"date": "2020-04-18T00:00:00Z", "number": 1, "iteration": 240, "person": [1]}}, {"model": "repoPlan.shift", "pk": 2459, "fields": {"date": "2020-04-18T00:00:00Z", "number": 2, "iteration": 240, "person": [2]}}, {"model": "repoPlan.shift", "pk": 2460, "fields": {"date": "2020-04-18T00:00:00Z", "number": 3, "iteration": 240, "person": [3]}}, {"model": "repoPlan.shift", "pk": 2461, "fields": {"date": "2020-04-18T00:00:00Z", "number": 4, "iteration": 240, "person": [4]}}, {"model": "repoPlan.shift", "pk": 2462, "fields": {"date": "2020-04-18T00:00:00Z", "number": 5, "iteration": 240, "person": [5]}}, {"model": "repoPlan.shift", "pk": 2463, "fields": {"date": "2020-04-18T00:00:00Z", "number": 7, "iteration": 240, "person": [6]}}, {"model": "repoPlan.shift", "pk": 2464, "fields": {"date": "2020-04-18T00:00:00Z", "number": 8, "iteration": 240, "person": [7]}}, {"model": "repoPlan.shift", "pk": 2465, "fields": {"date": "2020-04-19T00:00:00Z", "number": 1, "iteration": 240, "person": [8]}}, {"model": "repoPlan.shift", "pk": 2466, "fields": {"date": "2020-04-19T00:00:00Z", "number": 2, "iteration": 240, "person": [9]}}, {"model": "repoPlan.shift", "pk": 2467, "fields": {"date": "2020-04-18T00:00:00Z", "number": 6, "iteration": 241, "person": [10, 11]}}, {"model": "repoPlan.shift", "pk": 2468, "fields": {"date": "2020-04-18T00:00:00Z", "number": 7, "iteration": 241, "person": [12, 13]}}, {"model": "repoPlan.shift", "pk": 2469, "fields": {"date": "2020-04-18T00:00:00Z", "number": 1, "iteration": 241, "person": [14]}}, {"model": "repoPlan.shift", "pk": 2470, "fields": {"date": "2020-04-18T00:00:00Z", "number": 2, "iteration": 241, "person": [15]}}, {"model": "repoPlan.shift", "pk": 2471, "fields": {"date": "2020-04-18T00:00:00Z", "number": 3, "iteration": 241, "person": [16]}}, {"model": "repoPlan.shift", "pk": 2472, "fields": {"date": "2020-04-18T00:00:00Z", "number": 4, "iteration": 241, "person": [17]}}, {"model": "repoPlan.shift", "pk": 2473, "fields": {"date": "2020-04-18T00:00:00Z", "number": 5, "iteration": 241, "person": [18]}}, {"model": "repoPlan.shift", "pk": 2474, "fields": {"date": "2020-04-19T00:00:00Z", "number": 6, "iteration": 241, "person": [19]}}, {"model": "repoPlan.shift", "pk": 2475, "fields": {"date": "2020-04-19T00:00:00Z", "number": 7, "iteration": 241, "person": [20]}}, {"model": "repoPlan.shift", "pk": 2476, "fields": {"date": "2020-04-19T00:00:00Z", "number": 1, "iteration": 241, "person": [21]}}, {"model": "repoPlan.shift", "pk": 2477, "fields": {"date": "2020-04-19T00:00:00Z", "number": 2, "iteration": 241, "person": [22]}}, {"model": "repoPlan.shift", "pk": 2478, "fields": {"date": "2020-04-19T00:00:00Z", "number": 3, "iteration": 241, "person": [23]}}, {"model": "repoPlan.shift", "pk": 2479, "fields": {"date": "2020-04-19T00:00:00Z", "number": 4, "iteration": 241, "person": [24]}}, {"model": "repoPlan.shift", "pk": 2480, "fields": {"date": "2020-04-19T00:00:00Z", "number": 5, "iteration": 241, "person": [25]}}, {"model": "repoPlan.shift", "pk": 2481, "fields": {"date": "2020-04-20T00:00:00Z", "number": 1, "iteration": 243, "person": [1]}}, {"model": "repoPlan.shift", "pk": 2482, "fields": {"date": "2020-04-20T00:00:00Z", "number": 2, "iteration": 243, "person": [2]}}, {"model": "repoPlan.shift", "pk": 2483, "fields": {"date": "2020-04-20T00:00:00Z", "number": 3, "iteration": 243, "person": [3]}}, {"model": "repoPlan.shift", "pk": 2484, "fields": {"date": "2020-04-20T00:00:00Z", "number": 4, "iteration": 243, "person": [4]}}, {"model": "repoPlan.shift", "pk": 2485, "fields": {"date": "2020-04-20T00:00:00Z", "number": 5, "iteration": 243, "person": [5]}}, {"model": "repoPlan.shift", "pk": 2486, "fields": {"date": "2020-04-21T00:00:00Z", "number": 1, "iteration": 243, "person": [6]}}, {"model": "repoPlan.shift", "pk": 2487, "fields": {"date": "2020-04-21T00:00:00Z", "number": 2, "iteration": 243, "person": [7]}}, {"model": "repoPlan.shift", "pk": 2488, "fields": {"date": "2020-04-21T00:00:00Z", "number": 3, "iteration": 243, "person": [8]}}, {"model": "repoPlan.shift", "pk": 2489, "fields": {"date": "2020-04-21T00:00:00Z", "number": 4, "iteration": 243, "person": [9]}}, {"model": "repoPlan.shift", "pk": 2490, "fields": {"date": "2020-04-20T00:00:00Z", "number": 1, "iteration": 244, "person": [10, 11]}}, {"model": "repoPlan.shift", "pk": 2491, "fields": {"date": "2020-04-20T00:00:00Z", "number": 2, "iteration": 244, "person": [12, 13]}}, {"model": "repoPlan.shift", "pk": 2492, "fields": {"date": "2020-04-20T00:00:00Z", "number": 3, "iteration": 244, "person": [14, 15]}}, {"model": "repoPlan.shift", "pk": 2493, "fields": {"date": "2020-04-20T00:00:00Z", "number": 4, "iteration": 244, "person": [16, 17]}}, {"model": "repoPlan.shift", "pk": 2494, "fields": {"date": "2020-04-20T00:00:00Z", "number": 5, "iteration": 244, "person": [18, 19]}}, {"model": "repoPlan.shift", "pk": 2495, "fields": {"date": "2020-04-21T00:00:00Z", "number": 1, "iteration": 244, "person": [20, 21]}}, {"model": "repoPlan.shift", "pk": 2496, "fields": {"date": "2020-04-21T00:00:00Z", "number": 2, "iteration": 244, "person": [22]}}, {"model": "repoPlan.shift", "pk": 2497, "fields": {"date": "2020-04-21T00:00:00Z", "number": 3, "iteration": 244, "person": [23]}}, {"model": "repoPlan.shift", "pk": 2498, "fields": {"date": "2020-04-21T00:00:00Z", "number": 4, "iteration": 244, "person": [24]}}, {"model": "repoPlan.shift", "pk": 2499, "fields": {"date": "2020-04-21T00:00:00Z", "number": 5, "iteration": 244, "person": [25]}}, {"model": "repoPlan.shift", "pk": 2500, "fields": {"date": "2020-04-22T11:00:00Z", "number": 1, "iteration": 246, "person": [1]}}, {"model": "repoPlan.shift", "pk": 2501, "fields": {"date": "2020-04-22T12:00:00Z", "number": 2, "iteration": 246, "person": [2]}}, {"model": "repoPlan.shift", "pk": 2502, "fields": {"date": "2020-04-22T13:00:00Z", "number": 3, "iteration": 246, "person": [3]}}, {"model": "repoPlan.shift", "pk": 2503, "fields": {"date": "2020-04-22T14:00:00Z", "number": 4, "iteration": 246, "person": [4]}}, {"model": "repoPlan.shift", "pk": 2504, "fields": {"date": "2020-04-22T15:00:00Z", "number": 5, "iteration": 246, "person": [5]}}, {"model": "repoPlan.shift", "pk": 2505, "fields": {"date": "2020-04-23T11:00:00Z", "number": 1, "iteration": 246, "person": [6]}}, {"model": "repoPlan.shift", "pk": 2506, "fields": {"date": "2020-04-23T12:00:00Z", "number": 2, "iteration": 246, "person": [7]}}, {"model": "repoPlan.shift", "pk": 2507, "fields": {"date": "2020-04-23T13:00:00Z", "number": 3, "iteration": 246, "person": [8]}}, {"model": "repoPlan.shift", "pk": 2508, "fields": {"date": "2020-04-23T14:00:00Z", "number": 4, "iteration": 246, "person": [9]}}, {"model": "repoPlan.shift", "pk": 2509, "fields": {"date": "2020-04-22T11:00:00Z", "number": 1, "iteration": 247, "person": [10, 11]}}, {"model": "repoPlan.shift", "pk": 2510, "fields": {"date": "2020-04-22T12:00:00Z", "number": 2, "iteration": 247, "person": [12, 13]}}, {"model": "repoPlan.shift", "pk": 2511, "fields": {"date": "2020-04-22T13:00:00Z", "number": 3, "iteration": 247, "person": [14, 15]}}, {"model": "repoPlan.shift", "pk": 2512, "fields": {"date": "2020-04-22T14:00:00Z", "number": 4, "iteration": 247, "person": [16, 17]}}, {"model": "repoPlan.shift", "pk": 2513, "fields": {"date": "2020-04-22T15:00:00Z", "number": 5, "iteration": 247, "person": [18, 19]}}, {"model": "repoPlan.shift", "pk": 2514, "fields": {"date": "2020-04-23T11:00:00Z", "number": 1, "iteration": 247, "person": [20, 21]}}, {"model": "repoPlan.shift", "pk": 2515, "fields": {"date": "2020-04-23T12:00:00Z", "number": 2, "iteration": 247, "person": [22]}}, {"model": "repoPlan.shift", "pk": 2516, "fields": {"date": "2020-04-23T13:00:00Z", "number": 3, "iteration": 247, "person": [23]}}, {"model": "repoPlan.shift", "pk": 2517, "fields": {"date": "2020-04-23T14:00:00Z", "number": 4, "iteration": 247, "person": [24]}}, {"model": "repoPlan.shift", "pk": 2518, "fields": {"date": "2020-04-23T15:00:00Z", "number": 5, "iteration": 247, "person": [25]}}, {"model": "personal.person", "pk": 1, "fields": {"uci": "1"}}, {"model": "personal.person", "pk": 2, "fields": {"uci": "2"}}, {"model": "personal.person", "pk": 3, "fields": {"uci": "3"}}, {"model": "personal.person", "pk": 4, "fields": {"uci": "4"}}, {"model": "personal.person", "pk": 5, "fields": {"uci": "5"}}, {"model": "personal.person", "pk": 6, "fields": {"uci": "6"}}, {"model": "personal.person", "pk": 7, "fields": {"uci": "7"}}, {"model": "personal.person", "pk": 8, "fields": {"uci": "8"}}, {"model": "personal.person", "pk": 9, "fields": {"uci": "9"}}, {"model": "personal.person", "pk": 10, "fields": {"uci": "10"}}, {"model": "personal.person", "pk": 11, "fields": {"uci": "11"}}, {"model": "personal.person", "pk": 12, "fields": {"uci": "12"}}, {"model": "personal.person", "pk": 13, "fields": {"uci": "13"}}, {"model": "personal.person", "pk": 14, "fields": {"uci": "14"}}, {"model": "personal.person", "pk": 15, "fields": {"uci": "15"}}, {"model": "personal.person", "pk": 16, "fields": {"uci": "16"}}, {"model": "personal.person", "pk": 17, "fields": {"uci": "17"}}, {"model": "personal.person", "pk": 18, "fields": {"uci": "18"}}, {"model": "personal.person", "pk": 19, "fields": {"uci": "19"}}, {"model": "personal.person", "pk": 20, "fields": {"uci": "20"}}, {"model": "personal.person", "pk": 21, "fields": {"uci": "21"}}, {"model": "personal.person", "pk": 22, "fields": {"uci": "22"}}, {"model": "personal.person", "pk": 23, "fields": {"uci": "23"}}, {"model": "personal.person", "pk": 24, "fields": {"uci": "24"}}, {"model": "personal.person", "pk": 25, "fields": {"uci": "25"}}, {"model": "auth.permission", "pk": 1, "fields": {"name": "Can add log entry", "content_type": 1, "codename": "add_logentry"}}, {"model": "auth.permission", "pk": 2, "fields": {"name": "Can change log entry", "content_type": 1, "codename": "change_logentry"}}, {"model": "auth.permission", "pk": 3, "fields": {"name": "Can delete log entry", "content_type": 1, "codename": "delete_logentry"}}, {"model": "auth.permission", "pk": 4, "fields": {"name": "Can view log entry", "content_type": 1, "codename": "view_logentry"}}, {"model": "auth.permission", "pk": 5, "fields": {"name": "Can add permission", "content_type": 2, "codename": "add_permission"}}, {"model": "auth.permission", "pk": 6, "fields": {"name": "Can change permission", "content_type": 2, "codename": "change_permission"}}, {"model": "auth.permission", "pk": 7, "fields": {"name": "Can delete permission", "content_type": 2, "codename": "delete_permission"}}, {"model": "auth.permission", "pk": 8, "fields": {"name": "Can view permission", "content_type": 2, "codename": "view_permission"}}, {"model": "auth.permission", "pk": 9, "fields": {"name": "Can add group", "content_type": 3, "codename": "add_group"}}, {"model": "auth.permission", "pk": 10, "fields": {"name": "Can change group", "content_type": 3, "codename": "change_group"}}, {"model": "auth.permission", "pk": 11, "fields": {"name": "Can delete group", "content_type": 3, "codename": "delete_group"}}, {"model": "auth.permission", "pk": 12, "fields": {"name": "Can view group", "content_type": 3, "codename": "view_group"}}, {"model": "auth.permission", "pk": 13, "fields": {"name": "Can add user", "content_type": 4, "codename": "add_user"}}, {"model": "auth.permission", "pk": 14, "fields": {"name": "Can change user", "content_type": 4, "codename": "change_user"}}, {"model": "auth.permission", "pk": 15, "fields": {"name": "Can delete user", "content_type": 4, "codename": "delete_user"}}, {"model": "auth.permission", "pk": 16, "fields": {"name": "Can view user", "content_type": 4, "codename": "view_user"}}, {"model": "auth.permission", "pk": 17, "fields": {"name": "Can add content type", "content_type": 5, "codename": "add_contenttype"}}, {"model": "auth.permission", "pk": 18, "fields": {"name": "Can change content type", "content_type": 5, "codename": "change_contenttype"}}, {"model": "auth.permission", "pk": 19, "fields": {"name": "Can delete content type", "content_type": 5, "codename": "delete_contenttype"}}, {"model": "auth.permission", "pk": 20, "fields": {"name": "Can view content type", "content_type": 5, "codename": "view_contenttype"}}, {"model": "auth.permission", "pk": 21, "fields": {"name": "Can add session", "content_type": 6, "codename": "add_session"}}, {"model": "auth.permission", "pk": 22, "fields": {"name": "Can change session", "content_type": 6, "codename": "change_session"}}, {"model": "auth.permission", "pk": 23, "fields": {"name": "Can delete session", "content_type": 6, "codename": "delete_session"}}, {"model": "auth.permission", "pk": 24, "fields": {"name": "Can view session", "content_type": 6, "codename": "view_session"}}, {"model": "auth.permission", "pk": 25, "fields": {"name": "Can add student", "content_type": 7, "codename": "add_student"}}, {"model": "auth.permission", "pk": 26, "fields": {"name": "Can change student", "content_type": 7, "codename": "change_student"}}, {"model": "auth.permission", "pk": 27, "fields": {"name": "Can delete student", "content_type": 7, "codename": "delete_student"}}, {"model": "auth.permission", "pk": 28, "fields": {"name": "Can view student", "content_type": 7, "codename": "view_student"}}, {"model": "auth.permission", "pk": 29, "fields": {"name": "Can add iteration", "content_type": 8, "codename": "add_iteration"}}, {"model": "auth.permission", "pk": 30, "fields": {"name": "Can change iteration", "content_type": 8, "codename": "change_iteration"}}, {"model": "auth.permission", "pk": 31, "fields": {"name": "Can delete iteration", "content_type": 8, "codename": "delete_iteration"}}, {"model": "auth.permission", "pk": 32, "fields": {"name": "Can view iteration", "content_type": 8, "codename": "view_iteration"}}, {"model": "auth.permission", "pk": 33, "fields": {"name": "Can add personal", "content_type": 9, "codename": "add_personal"}}, {"model": "auth.permission", "pk": 34, "fields": {"name": "Can change personal", "content_type": 9, "codename": "change_personal"}}, {"model": "auth.permission", "pk": 35, "fields": {"name": "Can delete personal", "content_type": 9, "codename": "delete_personal"}}, {"model": "auth.permission", "pk": 36, "fields": {"name": "Can view personal", "content_type": 9, "codename": "view_personal"}}, {"model": "auth.permission", "pk": 37, "fields": {"name": "Can add shift", "content_type": 10, "codename": "add_shift"}}, {"model": "auth.permission", "pk": 38, "fields": {"name": "Can change shift", "content_type": 10, "codename": "change_shift"}}, {"model": "auth.permission", "pk": 39, "fields": {"name": "Can delete shift", "content_type": 10, "codename": "delete_shift"}}, {"model": "auth.permission", "pk": 40, "fields": {"name": "Can view shift", "content_type": 10, "codename": "view_shift"}}, {"model": "auth.permission", "pk": 41, "fields": {"name": "Can add person", "content_type": 11, "codename": "add_person"}}, {"model": "auth.permission", "pk": 42, "fields": {"name": "Can change person", "content_type": 11, "codename": "change_person"}}, {"model": "auth.permission", "pk": 43, "fields": {"name": "Can delete person", "content_type": 11, "codename": "delete_person"}}, {"model": "auth.permission", "pk": 44, "fields": {"name": "Can view person", "content_type": 11, "codename": "view_person"}}, {"model": "auth.permission", "pk": 45, "fields": {"name": "Can add specific day", "content_type": 12, "codename": "add_specificday"}}, {"model": "auth.permission", "pk": 46, "fields": {"name": "Can change specific day", "content_type": 12, "codename": "change_specificday"}}, {"model": "auth.permission", "pk": 47, "fields": {"name": "Can delete specific day", "content_type": 12, "codename": "delete_specificday"}}, {"model": "auth.permission", "pk": 48, "fields": {"name": "Can view specific day", "content_type": 12, "codename": "view_specificday"}}, {"model": "auth.permission", "pk": 49, "fields": {"name": "Can add message queue", "content_type": 13, "codename": "add_messagequeue"}}, {"model": "auth.permission", "pk": 50, "fields": {"name": "Can change message queue", "content_type": 13, "codename": "change_messagequeue"}}, {"model": "auth.permission", "pk": 51, "fields": {"name": "Can delete message queue", "content_type": 13, "codename": "delete_messagequeue"}}, {"model": "auth.permission", "pk": 52, "fields": {"name": "Can view message queue", "content_type": 13, "codename": "view_messagequeue"}}, {"model": "auth.permission", "pk": 53, "fields": {"name": "Can add parameters", "content_type": 14, "codename": "add_parameters"}}, {"model": "auth.permission", "pk": 54, "fields": {"name": "Can change parameters", "content_type": 14, "codename": "change_parameters"}}, {"model": "auth.permission", "pk": 55, "fields": {"name": "Can delete parameters", "content_type": 14, "codename": "delete_parameters"}}, {"model": "auth.permission", "pk": 56, "fields": {"name": "Can view parameters", "content_type": 14, "codename": "view_parameters"}}, {"model": "auth.user", "pk": 1, "fields": {"password": "pbkdf2_sha256$180000$ehKz9E1v4Csk$EdszevANlj/oAaT6FX0oe9jOR4uYwfuZsioEIoslvYY=", "last_login": "2020-03-26T03:02:01.703Z", "is_superuser": true, "username": "aanunez", "first_name": "", "last_name": "", "email": "aanunez@estudiantes.uci.cu", "is_staff": true, "is_active": true, "date_joined": "2020-03-26T03:00:56.241Z", "groups": [], "user_permissions": []}}, {"model": "admin.logentry", "pk": 1, "fields": {"action_time": "2020-03-26T03:02:36.982Z", "user": 1, "content_type": 11, "object_id": "1", "object_repr": "person object (1)", "action_flag": 1, "change_message": "[{\"added\": {}}]"}}, {"model": "admin.logentry", "pk": 2, "fields": {"action_time": "2020-03-26T03:02:40.878Z", "user": 1, "content_type": 11, "object_id": "2", "object_repr": "person object (2)", "action_flag": 1, "change_message": "[{\"added\": {}}]"}}, {"model": "admin.logentry", "pk": 3, "fields": {"action_time": "2020-03-26T03:02:44.726Z", "user": 1, "content_type": 11, "object_id": "3", "object_repr": "person object (3)", "action_flag": 1, "change_message": "[{\"added\": {}}]"}}, {"model": "admin.logentry", "pk": 4, "fields": {"action_time": "2020-03-26T03:02:48.524Z", "user": 1, "content_type": 11, "object_id": "4", "object_repr": "person object (4)", "action_flag": 1, "change_message": "[{\"added\": {}}]"}}, {"model": "admin.logentry", "pk": 5, "fields": {"action_time": "2020-03-26T03:02:52.994Z", "user": 1, "content_type": 11, "object_id": "5", "object_repr": "person object (5)", "action_flag": 1, "change_message": "[{\"added\": {}}]"}}, {"model": "admin.logentry", "pk": 6, "fields": {"action_time": "2020-03-26T03:02:56.805Z", "user": 1, "content_type": 11, "object_id": "6", "object_repr": "person object (6)", "action_flag": 1, "change_message": "[{\"added\": {}}]"}}, {"model": "admin.logentry", "pk": 7, "fields": {"action_time": "2020-03-26T03:03:00.218Z", "user": 1, "content_type": 11, "object_id": "7", "object_repr": "person object (7)", "action_flag": 1, "change_message": "[{\"added\": {}}]"}}, {"model": "admin.logentry", "pk": 8, "fields": {"action_time": "2020-03-26T03:03:03.602Z", "user": 1, "content_type": 11, "object_id": "8", "object_repr": "person object (8)", "action_flag": 1, "change_message": "[{\"added\": {}}]"}}, {"model": "admin.logentry", "pk": 9, "fields": {"action_time": "2020-03-26T03:03:07.797Z", "user": 1, "content_type": 11, "object_id": "9", "object_repr": "person object (9)", "action_flag": 1, "change_message": "[{\"added\": {}}]"}}, {"model": "admin.logentry", "pk": 10, "fields": {"action_time": "2020-03-26T03:03:11.028Z", "user": 1, "content_type": 11, "object_id": "10", "object_repr": "person object (10)", "action_flag": 1, "change_message": "[{\"added\": {}}]"}}, {"model": "admin.logentry", "pk": 11, "fields": {"action_time": "2020-03-26T03:04:16.243Z", "user": 1, "content_type": 9, "object_id": "1", "object_repr": "Personal object (1)", "action_flag": 1, "change_message": "[{\"added\": {}}]"}}, {"model": "admin.logentry", "pk": 12, "fields": {"action_time": "2020-03-26T03:04:24.019Z", "user": 1, "content_type": 9, "object_id": "2", "object_repr": "Personal object (2)", "action_flag": 1, "change_message": "[{\"added\": {}}]"}}, {"model": "admin.logentry", "pk": 13, "fields": {"action_time": "2020-03-26T03:04:32.366Z", "user": 1, "content_type": 9, "object_id": "3", "object_repr": "Personal object (3)", "action_flag": 1, "change_message": "[{\"added\": {}}]"}}, {"model": "admin.logentry", "pk": 14, "fields": {"action_time": "2020-03-26T03:04:41.342Z", "user": 1, "content_type": 9, "object_id": "4", "object_repr": "Personal object (4)", "action_flag": 1, "change_message": "[{\"added\": {}}]"}}, {"model": "admin.logentry", "pk": 15, "fields": {"action_time": "2020-03-26T03:04:49.314Z", "user": 1, "content_type": 9, "object_id": "5", "object_repr": "Personal object (5)", "action_flag": 1, "change_message": "[{\"added\": {}}]"}}, {"model": "admin.logentry", "pk": 16, "fields": {"action_time": "2020-03-26T03:05:00.489Z", "user": 1, "content_type": 9, "object_id": "6", "object_repr": "Personal object (6)", "action_flag": 1, "change_message": "[{\"added\": {}}]"}}, {"model": "admin.logentry", "pk": 17, "fields": {"action_time": "2020-03-26T03:05:17.548Z", "user": 1, "content_type": 9, "object_id": "7", "object_repr": "Personal object (7)", "action_flag": 1, "change_message": "[{\"added\": {}}]"}}, {"model": "admin.logentry", "pk": 18, "fields": {"action_time": "2020-03-26T03:05:25.843Z", "user": 1, "content_type": 9, "object_id": "8", "object_repr": "Personal object (8)", "action_flag": 1, "change_message": "[{\"added\": {}}]"}}, {"model": "admin.logentry", "pk": 19, "fields": {"action_time": "2020-03-26T03:05:37.663Z", "user": 1, "content_type": 9, "object_id": "9", "object_repr": "Personal object (9)", "action_flag": 1, "change_message": "[{\"added\": {}}]"}}, {"model": "admin.logentry", "pk": 20, "fields": {"action_time": "2020-03-26T03:05:47.900Z", "user": 1, "content_type": 9, "object_id": "10", "object_repr": "Personal object (10)", "action_flag": 1, "change_message": "[{\"added\": {}}]"}}, {"model": "admin.logentry", "pk": 21, "fields": {"action_time": "2020-03-26T04:48:08.869Z", "user": 1, "content_type": 9, "object_id": "10", "object_repr": "Personal object (10)", "action_flag": 2, "change_message": "[{\"changed\": {\"fields\": [\"Role\"]}}]"}}, {"model": "admin.logentry", "pk": 22, "fields": {"action_time": "2020-03-27T18:19:19.085Z", "user": 1, "content_type": 11, "object_id": "11", "object_repr": "Person object (11)", "action_flag": 1, "change_message": "[{\"added\": {}}]"}}, {"model": "admin.logentry", "pk": 23, "fields": {"action_time": "2020-03-27T18:19:25.846Z", "user": 1, "content_type": 9, "object_id": "11", "object_repr": "Personal object (11)", "action_flag": 1, "change_message": "[{\"added\": {}}]"}}, {"model": "admin.logentry", "pk": 24, "fields": {"action_time": "2020-03-27T18:19:47.879Z", "user": 1, "content_type": 11, "object_id": "12", "object_repr": "Person object (12)", "action_flag": 1, "change_message": "[{\"added\": {}}]"}}, {"model": "admin.logentry", "pk": 25, "fields": {"action_time": "2020-03-27T18:19:50.746Z", "user": 1, "content_type": 9, "object_id": "12", "object_repr": "Personal object (12)", "action_flag": 1, "change_message": "[{\"added\": {}}]"}}, {"model": "admin.logentry", "pk": 26, "fields": {"action_time": "2020-03-27T18:20:03.530Z", "user": 1, "content_type": 11, "object_id": "13", "object_repr": "Person object (13)", "action_flag": 1, "change_message": "[{\"added\": {}}]"}}, {"model": "admin.logentry", "pk": 27, "fields": {"action_time": "2020-03-27T18:20:06.353Z", "user": 1, "content_type": 9, "object_id": "13", "object_repr": "Personal object (13)", "action_flag": 1, "change_message": "[{\"added\": {}}]"}}, {"model": "admin.logentry", "pk": 28, "fields": {"action_time": "2020-03-27T18:20:20.533Z", "user": 1, "content_type": 11, "object_id": "14", "object_repr": "Person object (14)", "action_flag": 1, "change_message": "[{\"added\": {}}]"}}, {"model": "admin.logentry", "pk": 29, "fields": {"action_time": "2020-03-27T18:20:25.251Z", "user": 1, "content_type": 9, "object_id": "14", "object_repr": "Personal object (14)", "action_flag": 1, "change_message": "[{\"added\": {}}]"}}, {"model": "admin.logentry", "pk": 30, "fields": {"action_time": "2020-03-27T18:20:39.854Z", "user": 1, "content_type": 11, "object_id": "15", "object_repr": "Person object (15)", "action_flag": 1, "change_message": "[{\"added\": {}}]"}}, {"model": "admin.logentry", "pk": 31, "fields": {"action_time": "2020-03-27T18:20:42.536Z", "user": 1, "content_type": 9, "object_id": "15", "object_repr": "Personal object (15)", "action_flag": 1, "change_message": "[{\"added\": {}}]"}}, {"model": "admin.logentry", "pk": 32, "fields": {"action_time": "2020-03-27T18:21:06.647Z", "user": 1, "content_type": 11, "object_id": "16", "object_repr": "Person object (16)", "action_flag": 1, "change_message": "[{\"added\": {}}]"}}, {"model": "admin.logentry", "pk": 33, "fields": {"action_time": "2020-03-27T18:21:19.925Z", "user": 1, "content_type": 11, "object_id": "16", "object_repr": "Person object (16)", "action_flag": 2, "change_message": "[{\"changed\": {\"fields\": [\"Uci\"]}}]"}}, {"model": "admin.logentry", "pk": 34, "fields": {"action_time": "2020-03-27T18:21:36.438Z", "user": 1, "content_type": 9, "object_id": "16", "object_repr": "Personal object (16)", "action_flag": 1, "change_message": "[{\"added\": {}}]"}}, {"model": "admin.logentry", "pk": 35, "fields": {"action_time": "2020-03-27T18:21:54.857Z", "user": 1, "content_type": 11, "object_id": "17", "object_repr": "Person object (17)", "action_flag": 1, "change_message": "[{\"added\": {}}]"}}, {"model": "admin.logentry", "pk": 36, "fields": {"action_time": "2020-03-27T18:21:58.970Z", "user": 1, "content_type": 9, "object_id": "17", "object_repr": "Personal object (17)", "action_flag": 1, "change_message": "[{\"added\": {}}]"}}, {"model": "admin.logentry", "pk": 37, "fields": {"action_time": "2020-03-27T19:24:13.774Z", "user": 1, "content_type": 9, "object_id": "17", "object_repr": "Personal object (17)", "action_flag": 2, "change_message": "[{\"changed\": {\"fields\": [\"Available\"]}}]"}}, {"model": "admin.logentry", "pk": 38, "fields": {"action_time": "2020-03-27T19:52:41.514Z", "user": 1, "content_type": 9, "object_id": "17", "object_repr": "Personal object (17)", "action_flag": 2, "change_message": "[{\"changed\": {\"fields\": [\"Role\"]}}]"}}, {"model": "admin.logentry", "pk": 39, "fields": {"action_time": "2020-03-28T16:44:03.160Z", "user": 1, "content_type": 11, "object_id": "18", "object_repr": "Person object (18)", "action_flag": 1, "change_message": "[{\"added\": {}}]"}}, {"model": "admin.logentry", "pk": 40, "fields": {"action_time": "2020-03-28T16:44:09.084Z", "user": 1, "content_type": 9, "object_id": "18", "object_repr": "Personal object (18)", "action_flag": 1, "change_message": "[{\"added\": {}}]"}}, {"model": "admin.logentry", "pk": 41, "fields": {"action_time": "2020-03-28T16:44:27.453Z", "user": 1, "content_type": 11, "object_id": "19", "object_repr": "Person object (19)", "action_flag": 1, "change_message": "[{\"added\": {}}]"}}, {"model": "admin.logentry", "pk": 42, "fields": {"action_time": "2020-03-28T16:44:30.628Z", "user": 1, "content_type": 9, "object_id": "19", "object_repr": "Personal object (19)", "action_flag": 1, "change_message": "[{\"added\": {}}]"}}, {"model": "admin.logentry", "pk": 43, "fields": {"action_time": "2020-03-28T16:44:45.060Z", "user": 1, "content_type": 11, "object_id": "20", "object_repr": "Person object (20)", "action_flag": 1, "change_message": "[{\"added\": {}}]"}}, {"model": "admin.logentry", "pk": 44, "fields": {"action_time": "2020-03-28T16:44:52.224Z", "user": 1, "content_type": 9, "object_id": "20", "object_repr": "Personal object (20)", "action_flag": 1, "change_message": "[{\"added\": {}}]"}}, {"model": "admin.logentry", "pk": 45, "fields": {"action_time": "2020-03-28T16:45:06.894Z", "user": 1, "content_type": 11, "object_id": "21", "object_repr": "Person object (21)", "action_flag": 1, "change_message": "[{\"added\": {}}]"}}, {"model": "admin.logentry", "pk": 46, "fields": {"action_time": "2020-03-28T16:45:10.190Z", "user": 1, "content_type": 9, "object_id": "21", "object_repr": "Personal object (21)", "action_flag": 1, "change_message": "[{\"added\": {}}]"}}, {"model": "admin.logentry", "pk": 47, "fields": {"action_time": "2020-03-28T16:45:28.313Z", "user": 1, "content_type": 11, "object_id": "22", "object_repr": "Person object (22)", "action_flag": 1, "change_message": "[{\"added\": {}}]"}}, {"model": "admin.logentry", "pk": 48, "fields": {"action_time": "2020-03-28T16:45:31.804Z", "user": 1, "content_type": 9, "object_id": "22", "object_repr": "Personal object (22)", "action_flag": 1, "change_message": "[{\"added\": {}}]"}}, {"model": "admin.logentry", "pk": 49, "fields": {"action_time": "2020-03-28T16:45:49.927Z", "user": 1, "content_type": 11, "object_id": "23", "object_repr": "Person object (23)", "action_flag": 1, "change_message": "[{\"added\": {}}]"}}, {"model": "admin.logentry", "pk": 50, "fields": {"action_time": "2020-03-28T16:45:52.561Z", "user": 1, "content_type": 9, "object_id": "23", "object_repr": "Personal object (23)", "action_flag": 1, "change_message": "[{\"added\": {}}]"}}, {"model": "admin.logentry", "pk": 51, "fields": {"action_time": "2020-03-28T16:46:13.797Z", "user": 1, "content_type": 11, "object_id": "24", "object_repr": "Person object (24)", "action_flag": 1, "change_message": "[{\"added\": {}}]"}}, {"model": "admin.logentry", "pk": 52, "fields": {"action_time": "2020-03-28T16:46:17.448Z", "user": 1, "content_type": 9, "object_id": "24", "object_repr": "Personal object (24)", "action_flag": 1, "change_message": "[{\"added\": {}}]"}}, {"model": "admin.logentry", "pk": 53, "fields": {"action_time": "2020-03-29T21:43:10.676Z", "user": 1, "content_type": 11, "object_id": "25", "object_repr": "Person object (25)", "action_flag": 1, "change_message": "[{\"added\": {}}]"}}, {"model": "admin.logentry", "pk": 54, "fields": {"action_time": "2020-03-29T21:43:35.977Z", "user": 1, "content_type": 9, "object_id": "25", "object_repr": "Personal object (25)", "action_flag": 1, "change_message": "[{\"added\": {}}]"}}, {"model": "admin.logentry", "pk": 55, "fields": {"action_time": "2020-03-29T21:52:24.439Z", "user": 1, "content_type": 9, "object_id": "25", "object_repr": "Personal object (25)", "action_flag": 2, "change_message": "[]"}}, {"model": "admin.logentry", "pk": 56, "fields": {"action_time": "2020-03-29T21:52:50.838Z", "user": 1, "content_type": 9, "object_id": "20", "object_repr": "Personal object (20)", "action_flag": 2, "change_message": "[{\"changed\": {\"fields\": [\"Sex\"]}}]"}}, {"model": "admin.logentry", "pk": 57, "fields": {"action_time": "2020-03-29T21:53:08.139Z", "user": 1, "content_type": 9, "object_id": "1", "object_repr": "Personal object (1)", "action_flag": 2, "change_message": "[{\"changed\": {\"fields\": [\"Sex\"]}}]"}}, {"model": "admin.logentry", "pk": 58, "fields": {"action_time": "2020-03-29T21:53:22.046Z", "user": 1, "content_type": 9, "object_id": "3", "object_repr": "Personal object (3)", "action_flag": 2, "change_message": "[{\"changed\": {\"fields\": [\"Sex\"]}}]"}}, {"model": "admin.logentry", "pk": 59, "fields": {"action_time": "2020-03-29T21:54:10.915Z", "user": 1, "content_type": 9, "object_id": "24", "object_repr": "Personal object (24)", "action_flag": 2, "change_message": "[{\"changed\": {\"fields\": [\"Sex\"]}}]"}}, {"model": "admin.logentry", "pk": 60, "fields": {"action_time": "2020-04-01T00:00:28.199Z", "user": 1, "content_type": 9, "object_id": "25", "object_repr": "Personal object (25)", "action_flag": 2, "change_message": "[{\"changed\": {\"fields\": [\"Days\"]}}]"}}, {"model": "admin.logentry", "pk": 61, "fields": {"action_time": "2020-04-01T00:00:52.778Z", "user": 1, "content_type": 9, "object_id": "25", "object_repr": "Personal object (25)", "action_flag": 2, "change_message": "[{\"changed\": {\"fields\": [\"Days\"]}}]"}}, {"model": "admin.logentry", "pk": 62, "fields": {"action_time": "2020-04-01T00:09:33.976Z", "user": 1, "content_type": 9, "object_id": "25", "object_repr": "Personal object (25)", "action_flag": 2, "change_message": "[{\"changed\": {\"fields\": [\"Days\"]}}]"}}, {"model": "admin.logentry", "pk": 63, "fields": {"action_time": "2020-04-01T00:18:34.145Z", "user": 1, "content_type": 9, "object_id": "25", "object_repr": "Personal object (25)", "action_flag": 2, "change_message": "[{\"changed\": {\"fields\": [\"Days\"]}}]"}}]