[{"model": "contenttypes.contenttype", "pk": 1, "fields": {"app_label": "admin", "model": "logentry"}}, {"model": "contenttypes.contenttype", "pk": 2, "fields": {"app_label": "auth", "model": "permission"}}, {"model": "contenttypes.contenttype", "pk": 3, "fields": {"app_label": "auth", "model": "group"}}, {"model": "contenttypes.contenttype", "pk": 4, "fields": {"app_label": "auth", "model": "user"}}, {"model": "contenttypes.contenttype", "pk": 5, "fields": {"app_label": "contenttypes", "model": "contenttype"}}, {"model": "contenttypes.contenttype", "pk": 6, "fields": {"app_label": "sessions", "model": "session"}}, {"model": "contenttypes.contenttype", "pk": 7, "fields": {"app_label": "student", "model": "student"}}, {"model": "contenttypes.contenttype", "pk": 8, "fields": {"app_label": "planning", "model": "iteration"}}, {"model": "contenttypes.contenttype", "pk": 9, "fields": {"app_label": "planning", "model": "personal"}}, {"model": "contenttypes.contenttype", "pk": 10, "fields": {"app_label": "repoPlan", "model": "shift"}}, {"model": "contenttypes.contenttype", "pk": 11, "fields": {"app_label": "personal", "model": "person"}}, {"model": "contenttypes.contenttype", "pk": 12, "fields": {"app_label": "planning", "model": "specificday"}}, {"model": "sessions.session", "pk": "2ra9pias43ik4ghre3mv64yy6vh5gyxk", "fields": {"session_data": "MGZmYzFkZWZjNDNkYzI4ZjJkOWQ0NjlhYTk4YTVlOGIwMzBmOWU2Mjp7Il9hdXRoX3VzZXJfaWQiOiIxIiwiX2F1dGhfdXNlcl9iYWNrZW5kIjoiZGphbmdvLmNvbnRyaWIuYXV0aC5iYWNrZW5kcy5Nb2RlbEJhY2tlbmQiLCJfYXV0aF91c2VyX2hhc2giOiJmZTRlNWI1ZDljZTc4NDM0NjA1NTkyOWVjOGRhM2VhY2UzNWUxNGIwIn0=", "expire_date": "2020-04-09T03:02:01.964Z"}}, {"model": "planning.personal", "pk": 1, "fields": {"sex": "F", "children": false, "days": "1,2,3,4,5", "role": "P", "available": true, "person": 1}}, {"model": "planning.personal", "pk": 2, "fields": {"sex": "", "children": false, "days": "1,2,3,4,5", "role": "P", "available": true, "person": 2}}, {"model": "planning.personal", "pk": 3, "fields": {"sex": "M", "children": false, "days": "1,2,3,4,5", "role": "P", "available": true, "person": 3}}, {"model": "planning.personal", "pk": 4, "fields": {"sex": "", "children": false, "days": "1,2,3,4,5", "role": "P", "available": true, "person": 4}}, {"model": "planning.personal", "pk": 5, "fields": {"sex": "", "children": false, "days": "1,2,3,4,5", "role": "P", "available": true, "person": 5}}, {"model": "planning.personal", "pk": 6, "fields": {"sex": "", "children": false, "days": "", "role": "S", "available": true, "person": 6}}, {"model": "planning.personal", "pk": 7, "fields": {"sex": "", "children": false, "days": "", "role": "S", "available": true, "person": 7}}, {"model": "planning.personal", "pk": 8, "fields": {"sex": "", "children": false, "days": "", "role": "S", "available": true, "person": 8}}, {"model": "planning.personal", "pk": 9, "fields": {"sex": "", "children": false, "days": "", "role": "S", "available": true, "person": 9}}, {"model": "planning.personal", "pk": 10, "fields": {"sex": "", "children": false, "days": "", "role": "S", "available": true, "person": 10}}, {"model": "planning.personal", "pk": 11, "fields": {"sex": "", "children": false, "days": "", "role": "S", "available": true, "person": 11}}, {"model": "planning.personal", "pk": 12, "fields": {"sex": "", "children": false, "days": "", "role": "S", "available": true, "person": 12}}, {"model": "planning.personal", "pk": 13, "fields": {"sex": "", "children": false, "days": "", "role": "S", "available": true, "person": 13}}, {"model": "planning.personal", "pk": 14, "fields": {"sex": "", "children": false, "days": "", "role": "S", "available": true, "person": 14}}, {"model": "planning.personal", "pk": 15, "fields": {"sex": "", "children": false, "days": "", "role": "S", "available": true, "person": 15}}, {"model": "planning.personal", "pk": 16, "fields": {"sex": "", "children": false, "days": "", "role": "S", "available": true, "person": 16}}, {"model": "planning.personal", "pk": 17, "fields": {"sex": "", "children": false, "days": "", "role": "S", "available": true, "person": 17}}, {"model": "planning.personal", "pk": 18, "fields": {"sex": "", "children": false, "days": "", "role": "P", "available": true, "person": 18}}, {"model": "planning.personal", "pk": 19, "fields": {"sex": "", "children": false, "days": "", "role": "S", "available": true, "person": 19}}, {"model": "planning.personal", "pk": 20, "fields": {"sex": "M", "children": false, "days": "", "role": "P", "available": true, "person": 20}}, {"model": "planning.personal", "pk": 21, "fields": {"sex": "", "children": false, "days": "", "role": "S", "available": true, "person": 21}}, {"model": "planning.personal", "pk": 22, "fields": {"sex": "", "children": false, "days": "", "role": "S", "available": true, "person": 22}}, {"model": "planning.personal", "pk": 23, "fields": {"sex": "", "children": false, "days": "", "role": "S", "available": true, "person": 23}}, {"model": "planning.personal", "pk": 24, "fields": {"sex": "M", "children": false, "days": "", "role": "S", "available": true, "person": 24}}, {"model": "planning.personal", "pk": 25, "fields": {"sex": "F", "children": false, "days": "1,2,3,4,5", "role": "P", "available": true, "person": 25}}, {"model": "planning.iteration", "pk": 108, "fields": {"algorithm": "metaHeuristic", "heuristic": 0, "number": 1, "type_guard": "P", "executor": null, "date_start": "2020-03-30", "date_end": "2020-04-03"}}, {"model": "planning.iteration", "pk": 109, "fields": {"algorithm": "Static", "heuristic": 0, "number": 1, "type_guard": "S", "executor": null, "date_start": "2020-03-30", "date_end": "2020-04-03"}}, {"model": "planning.iteration", "pk": 110, "fields": {"algorithm": "metaHeuristic", "heuristic": 0, "number": 2, "type_guard": "P", "executor": null, "date_start": "2020-04-04", "date_end": "2020-04-10"}}, {"model": "planning.iteration", "pk": 111, "fields": {"algorithm": "Static", "heuristic": 0, "number": 2, "type_guard": "S", "executor": null, "date_start": "2020-04-04", "date_end": "2020-04-10"}}, {"model": "planning.iteration", "pk": 112, "fields": {"algorithm": "metaHeuristic", "heuristic": 7, "number": 3, "type_guard": "P", "executor": null, "date_start": "2020-04-11", "date_end": "2020-04-17"}}, {"model": "planning.iteration", "pk": 113, "fields": {"algorithm": "Static", "heuristic": 17, "number": 3, "type_guard": "S", "executor": null, "date_start": "2020-04-11", "date_end": "2020-04-17"}}, {"model": "planning.iteration", "pk": 114, "fields": {"algorithm": "metaHeuristic", "heuristic": 13, "number": 4, "type_guard": "P", "executor": null, "date_start": "2020-04-18", "date_end": "2020-04-24"}}, {"model": "planning.iteration", "pk": 115, "fields": {"algorithm": "Static", "heuristic": 31, "number": 4, "type_guard": "S", "executor": null, "date_start": "2020-04-18", "date_end": "2020-04-24"}}, {"model": "planning.iteration", "pk": 116, "fields": {"algorithm": "metaHeuristic", "heuristic": 13, "number": 5, "type_guard": "P", "executor": null, "date_start": "2020-04-25", "date_end": "2020-05-01"}}, {"model": "planning.iteration", "pk": 117, "fields": {"algorithm": "metaHeuristic", "heuristic": 13, "number": 6, "type_guard": "P", "executor": null, "date_start": "2020-05-02", "date_end": "2020-05-08"}}, {"model": "planning.iteration", "pk": 118, "fields": {"algorithm": "Static", "heuristic": 31, "number": 5, "type_guard": "S", "executor": null, "date_start": "2020-04-25", "date_end": "2020-05-08"}}, {"model": "planning.iteration", "pk": 119, "fields": {"algorithm": "metaHeuristic", "heuristic": 13, "number": 7, "type_guard": "P", "executor": null, "date_start": "2020-05-09", "date_end": "2020-05-15"}}, {"model": "planning.iteration", "pk": 120, "fields": {"algorithm": "Static", "heuristic": 31, "number": 6, "type_guard": "S", "executor": null, "date_start": "2020-05-09", "date_end": "2020-05-15"}}, {"model": "planning.iteration", "pk": 121, "fields": {"algorithm": "metaHeuristic", "heuristic": 13, "number": 8, "type_guard": "P", "executor": null, "date_start": "2020-05-16", "date_end": "2020-05-22"}}, {"model": "planning.iteration", "pk": 122, "fields": {"algorithm": "Static", "heuristic": 31, "number": 7, "type_guard": "S", "executor": null, "date_start": "2020-05-16", "date_end": "2020-05-22"}}, {"model": "planning.iteration", "pk": 123, "fields": {"algorithm": "metaHeuristic", "heuristic": 13, "number": 9, "type_guard": "P", "executor": null, "date_start": "2020-05-23", "date_end": "2020-05-29"}}, {"model": "planning.iteration", "pk": 124, "fields": {"algorithm": "Static", "heuristic": 31, "number": 8, "type_guard": "S", "executor": null, "date_start": "2020-05-23", "date_end": "2020-05-29"}}, {"model": "repoPlan.shift", "pk": 544, "fields": {"date": "2020-03-30T00:00:00Z", "number": 1, "iteration": 108, "person": [1]}}, {"model": "repoPlan.shift", "pk": 545, "fields": {"date": "2020-03-30T00:00:00Z", "number": 2, "iteration": 108, "person": [2]}}, {"model": "repoPlan.shift", "pk": 546, "fields": {"date": "2020-03-30T00:00:00Z", "number": 4, "iteration": 108, "person": [3]}}, {"model": "repoPlan.shift", "pk": 547, "fields": {"date": "2020-03-30T00:00:00Z", "number": 5, "iteration": 108, "person": [4]}}, {"model": "repoPlan.shift", "pk": 548, "fields": {"date": "2020-04-03T00:00:00Z", "number": 1, "iteration": 108, "person": [5]}}, {"model": "repoPlan.shift", "pk": 549, "fields": {"date": "2020-04-03T00:00:00Z", "number": 2, "iteration": 108, "person": [18]}}, {"model": "repoPlan.shift", "pk": 550, "fields": {"date": "2020-04-03T00:00:00Z", "number": 4, "iteration": 108, "person": [20]}}, {"model": "repoPlan.shift", "pk": 551, "fields": {"date": "2020-03-30T00:00:00Z", "number": 1, "iteration": 109, "person": [6]}}, {"model": "repoPlan.shift", "pk": 552, "fields": {"date": "2020-03-30T00:00:00Z", "number": 2, "iteration": 109, "person": [7]}}, {"model": "repoPlan.shift", "pk": 553, "fields": {"date": "2020-03-30T00:00:00Z", "number": 3, "iteration": 109, "person": [8]}}, {"model": "repoPlan.shift", "pk": 554, "fields": {"date": "2020-03-30T00:00:00Z", "number": 4, "iteration": 109, "person": [9]}}, {"model": "repoPlan.shift", "pk": 555, "fields": {"date": "2020-03-30T00:00:00Z", "number": 5, "iteration": 109, "person": [10]}}, {"model": "repoPlan.shift", "pk": 556, "fields": {"date": "2020-03-31T00:00:00Z", "number": 1, "iteration": 109, "person": [11]}}, {"model": "repoPlan.shift", "pk": 557, "fields": {"date": "2020-03-31T00:00:00Z", "number": 2, "iteration": 109, "person": [12]}}, {"model": "repoPlan.shift", "pk": 558, "fields": {"date": "2020-03-31T00:00:00Z", "number": 3, "iteration": 109, "person": [13]}}, {"model": "repoPlan.shift", "pk": 559, "fields": {"date": "2020-03-31T00:00:00Z", "number": 4, "iteration": 109, "person": [14]}}, {"model": "repoPlan.shift", "pk": 560, "fields": {"date": "2020-03-31T00:00:00Z", "number": 5, "iteration": 109, "person": [15]}}, {"model": "repoPlan.shift", "pk": 561, "fields": {"date": "2020-04-01T00:00:00Z", "number": 1, "iteration": 109, "person": [16]}}, {"model": "repoPlan.shift", "pk": 562, "fields": {"date": "2020-04-01T00:00:00Z", "number": 2, "iteration": 109, "person": [17]}}, {"model": "repoPlan.shift", "pk": 563, "fields": {"date": "2020-04-01T00:00:00Z", "number": 3, "iteration": 109, "person": [19]}}, {"model": "repoPlan.shift", "pk": 564, "fields": {"date": "2020-04-01T00:00:00Z", "number": 4, "iteration": 109, "person": [21]}}, {"model": "repoPlan.shift", "pk": 565, "fields": {"date": "2020-04-01T00:00:00Z", "number": 5, "iteration": 109, "person": [22]}}, {"model": "repoPlan.shift", "pk": 566, "fields": {"date": "2020-04-02T00:00:00Z", "number": 1, "iteration": 109, "person": [23]}}, {"model": "repoPlan.shift", "pk": 567, "fields": {"date": "2020-04-02T00:00:00Z", "number": 2, "iteration": 109, "person": [24]}}, {"model": "repoPlan.shift", "pk": 568, "fields": {"date": "2020-04-02T00:00:00Z", "number": 3, "iteration": 109, "person": []}}, {"model": "repoPlan.shift", "pk": 569, "fields": {"date": "2020-04-02T00:00:00Z", "number": 4, "iteration": 109, "person": []}}, {"model": "repoPlan.shift", "pk": 570, "fields": {"date": "2020-04-02T00:00:00Z", "number": 5, "iteration": 109, "person": []}}, {"model": "repoPlan.shift", "pk": 571, "fields": {"date": "2020-04-03T00:00:00Z", "number": 1, "iteration": 109, "person": []}}, {"model": "repoPlan.shift", "pk": 572, "fields": {"date": "2020-04-03T00:00:00Z", "number": 2, "iteration": 109, "person": []}}, {"model": "repoPlan.shift", "pk": 573, "fields": {"date": "2020-04-03T00:00:00Z", "number": 3, "iteration": 109, "person": []}}, {"model": "repoPlan.shift", "pk": 574, "fields": {"date": "2020-04-03T00:00:00Z", "number": 4, "iteration": 109, "person": []}}, {"model": "repoPlan.shift", "pk": 575, "fields": {"date": "2020-04-03T00:00:00Z", "number": 5, "iteration": 109, "person": []}}, {"model": "repoPlan.shift", "pk": 576, "fields": {"date": "2020-04-04T00:00:00Z", "number": 8, "iteration": 110, "person": [1]}}, {"model": "repoPlan.shift", "pk": 577, "fields": {"date": "2020-04-04T00:00:00Z", "number": 1, "iteration": 110, "person": [2]}}, {"model": "repoPlan.shift", "pk": 578, "fields": {"date": "2020-04-04T00:00:00Z", "number": 2, "iteration": 110, "person": [3]}}, {"model": "repoPlan.shift", "pk": 579, "fields": {"date": "2020-04-04T00:00:00Z", "number": 3, "iteration": 110, "person": [4]}}, {"model": "repoPlan.shift", "pk": 580, "fields": {"date": "2020-04-04T00:00:00Z", "number": 4, "iteration": 110, "person": [5]}}, {"model": "repoPlan.shift", "pk": 581, "fields": {"date": "2020-04-04T00:00:00Z", "number": 5, "iteration": 110, "person": [18]}}, {"model": "repoPlan.shift", "pk": 582, "fields": {"date": "2020-04-10T00:00:00Z", "number": 1, "iteration": 110, "person": [20]}}, {"model": "repoPlan.shift", "pk": 583, "fields": {"date": "2020-04-04T00:00:00Z", "number": 6, "iteration": 111, "person": [6]}}, {"model": "repoPlan.shift", "pk": 584, "fields": {"date": "2020-04-04T00:00:00Z", "number": 7, "iteration": 111, "person": [7]}}, {"model": "repoPlan.shift", "pk": 585, "fields": {"date": "2020-04-04T00:00:00Z", "number": 1, "iteration": 111, "person": [8]}}, {"model": "repoPlan.shift", "pk": 586, "fields": {"date": "2020-04-04T00:00:00Z", "number": 2, "iteration": 111, "person": [9]}}, {"model": "repoPlan.shift", "pk": 587, "fields": {"date": "2020-04-04T00:00:00Z", "number": 3, "iteration": 111, "person": [10]}}, {"model": "repoPlan.shift", "pk": 588, "fields": {"date": "2020-04-04T00:00:00Z", "number": 4, "iteration": 111, "person": [11]}}, {"model": "repoPlan.shift", "pk": 589, "fields": {"date": "2020-04-04T00:00:00Z", "number": 5, "iteration": 111, "person": [12]}}, {"model": "repoPlan.shift", "pk": 590, "fields": {"date": "2020-04-05T00:00:00Z", "number": 6, "iteration": 111, "person": [13]}}, {"model": "repoPlan.shift", "pk": 591, "fields": {"date": "2020-04-05T00:00:00Z", "number": 7, "iteration": 111, "person": [14]}}, {"model": "repoPlan.shift", "pk": 592, "fields": {"date": "2020-04-05T00:00:00Z", "number": 1, "iteration": 111, "person": [15]}}, {"model": "repoPlan.shift", "pk": 593, "fields": {"date": "2020-04-05T00:00:00Z", "number": 2, "iteration": 111, "person": [16]}}, {"model": "repoPlan.shift", "pk": 594, "fields": {"date": "2020-04-05T00:00:00Z", "number": 3, "iteration": 111, "person": [17]}}, {"model": "repoPlan.shift", "pk": 595, "fields": {"date": "2020-04-05T00:00:00Z", "number": 4, "iteration": 111, "person": [19]}}, {"model": "repoPlan.shift", "pk": 596, "fields": {"date": "2020-04-05T00:00:00Z", "number": 5, "iteration": 111, "person": [21]}}, {"model": "repoPlan.shift", "pk": 597, "fields": {"date": "2020-04-06T00:00:00Z", "number": 1, "iteration": 111, "person": [22]}}, {"model": "repoPlan.shift", "pk": 598, "fields": {"date": "2020-04-06T00:00:00Z", "number": 2, "iteration": 111, "person": [23]}}, {"model": "repoPlan.shift", "pk": 599, "fields": {"date": "2020-04-06T00:00:00Z", "number": 3, "iteration": 111, "person": [24]}}, {"model": "repoPlan.shift", "pk": 600, "fields": {"date": "2020-04-06T00:00:00Z", "number": 4, "iteration": 111, "person": []}}, {"model": "repoPlan.shift", "pk": 601, "fields": {"date": "2020-04-06T00:00:00Z", "number": 5, "iteration": 111, "person": []}}, {"model": "repoPlan.shift", "pk": 602, "fields": {"date": "2020-04-07T00:00:00Z", "number": 1, "iteration": 111, "person": []}}, {"model": "repoPlan.shift", "pk": 603, "fields": {"date": "2020-04-07T00:00:00Z", "number": 2, "iteration": 111, "person": []}}, {"model": "repoPlan.shift", "pk": 604, "fields": {"date": "2020-04-07T00:00:00Z", "number": 3, "iteration": 111, "person": []}}, {"model": "repoPlan.shift", "pk": 605, "fields": {"date": "2020-04-07T00:00:00Z", "number": 4, "iteration": 111, "person": []}}, {"model": "repoPlan.shift", "pk": 606, "fields": {"date": "2020-04-07T00:00:00Z", "number": 5, "iteration": 111, "person": []}}, {"model": "repoPlan.shift", "pk": 607, "fields": {"date": "2020-04-08T00:00:00Z", "number": 1, "iteration": 111, "person": []}}, {"model": "repoPlan.shift", "pk": 608, "fields": {"date": "2020-04-08T00:00:00Z", "number": 2, "iteration": 111, "person": []}}, {"model": "repoPlan.shift", "pk": 609, "fields": {"date": "2020-04-08T00:00:00Z", "number": 3, "iteration": 111, "person": []}}, {"model": "repoPlan.shift", "pk": 610, "fields": {"date": "2020-04-08T00:00:00Z", "number": 4, "iteration": 111, "person": []}}, {"model": "repoPlan.shift", "pk": 611, "fields": {"date": "2020-04-08T00:00:00Z", "number": 5, "iteration": 111, "person": []}}, {"model": "repoPlan.shift", "pk": 612, "fields": {"date": "2020-04-09T00:00:00Z", "number": 1, "iteration": 111, "person": []}}, {"model": "repoPlan.shift", "pk": 613, "fields": {"date": "2020-04-09T00:00:00Z", "number": 2, "iteration": 111, "person": []}}, {"model": "repoPlan.shift", "pk": 614, "fields": {"date": "2020-04-09T00:00:00Z", "number": 3, "iteration": 111, "person": []}}, {"model": "repoPlan.shift", "pk": 615, "fields": {"date": "2020-04-09T00:00:00Z", "number": 4, "iteration": 111, "person": []}}, {"model": "repoPlan.shift", "pk": 616, "fields": {"date": "2020-04-09T00:00:00Z", "number": 5, "iteration": 111, "person": []}}, {"model": "repoPlan.shift", "pk": 617, "fields": {"date": "2020-04-10T00:00:00Z", "number": 1, "iteration": 111, "person": []}}, {"model": "repoPlan.shift", "pk": 618, "fields": {"date": "2020-04-10T00:00:00Z", "number": 2, "iteration": 111, "person": []}}, {"model": "repoPlan.shift", "pk": 619, "fields": {"date": "2020-04-10T00:00:00Z", "number": 3, "iteration": 111, "person": []}}, {"model": "repoPlan.shift", "pk": 620, "fields": {"date": "2020-04-10T00:00:00Z", "number": 4, "iteration": 111, "person": []}}, {"model": "repoPlan.shift", "pk": 621, "fields": {"date": "2020-04-10T00:00:00Z", "number": 5, "iteration": 111, "person": []}}, {"model": "repoPlan.shift", "pk": 622, "fields": {"date": "2020-04-11T00:00:00Z", "number": 8, "iteration": 112, "person": [1]}}, {"model": "repoPlan.shift", "pk": 623, "fields": {"date": "2020-04-11T00:00:00Z", "number": 1, "iteration": 112, "person": [2]}}, {"model": "repoPlan.shift", "pk": 624, "fields": {"date": "2020-04-11T00:00:00Z", "number": 2, "iteration": 112, "person": [3]}}, {"model": "repoPlan.shift", "pk": 625, "fields": {"date": "2020-04-11T00:00:00Z", "number": 3, "iteration": 112, "person": [4]}}, {"model": "repoPlan.shift", "pk": 626, "fields": {"date": "2020-04-11T00:00:00Z", "number": 4, "iteration": 112, "person": [5]}}, {"model": "repoPlan.shift", "pk": 627, "fields": {"date": "2020-04-11T00:00:00Z", "number": 5, "iteration": 112, "person": [18]}}, {"model": "repoPlan.shift", "pk": 628, "fields": {"date": "2020-04-17T00:00:00Z", "number": 1, "iteration": 112, "person": [20]}}, {"model": "repoPlan.shift", "pk": 629, "fields": {"date": "2020-04-11T00:00:00Z", "number": 6, "iteration": 113, "person": [6]}}, {"model": "repoPlan.shift", "pk": 630, "fields": {"date": "2020-04-11T00:00:00Z", "number": 7, "iteration": 113, "person": [7]}}, {"model": "repoPlan.shift", "pk": 631, "fields": {"date": "2020-04-11T00:00:00Z", "number": 1, "iteration": 113, "person": [8]}}, {"model": "repoPlan.shift", "pk": 632, "fields": {"date": "2020-04-11T00:00:00Z", "number": 2, "iteration": 113, "person": [9]}}, {"model": "repoPlan.shift", "pk": 633, "fields": {"date": "2020-04-11T00:00:00Z", "number": 3, "iteration": 113, "person": [10]}}, {"model": "repoPlan.shift", "pk": 634, "fields": {"date": "2020-04-11T00:00:00Z", "number": 4, "iteration": 113, "person": [11]}}, {"model": "repoPlan.shift", "pk": 635, "fields": {"date": "2020-04-11T00:00:00Z", "number": 5, "iteration": 113, "person": [12]}}, {"model": "repoPlan.shift", "pk": 636, "fields": {"date": "2020-04-12T00:00:00Z", "number": 6, "iteration": 113, "person": [13]}}, {"model": "repoPlan.shift", "pk": 637, "fields": {"date": "2020-04-12T00:00:00Z", "number": 7, "iteration": 113, "person": [14]}}, {"model": "repoPlan.shift", "pk": 638, "fields": {"date": "2020-04-12T00:00:00Z", "number": 1, "iteration": 113, "person": [15]}}, {"model": "repoPlan.shift", "pk": 639, "fields": {"date": "2020-04-12T00:00:00Z", "number": 2, "iteration": 113, "person": [16]}}, {"model": "repoPlan.shift", "pk": 640, "fields": {"date": "2020-04-12T00:00:00Z", "number": 3, "iteration": 113, "person": [17]}}, {"model": "repoPlan.shift", "pk": 641, "fields": {"date": "2020-04-12T00:00:00Z", "number": 4, "iteration": 113, "person": [19]}}, {"model": "repoPlan.shift", "pk": 642, "fields": {"date": "2020-04-12T00:00:00Z", "number": 5, "iteration": 113, "person": [21]}}, {"model": "repoPlan.shift", "pk": 643, "fields": {"date": "2020-04-13T00:00:00Z", "number": 1, "iteration": 113, "person": [22]}}, {"model": "repoPlan.shift", "pk": 644, "fields": {"date": "2020-04-13T00:00:00Z", "number": 2, "iteration": 113, "person": [23]}}, {"model": "repoPlan.shift", "pk": 645, "fields": {"date": "2020-04-13T00:00:00Z", "number": 3, "iteration": 113, "person": [24]}}, {"model": "repoPlan.shift", "pk": 646, "fields": {"date": "2020-04-13T00:00:00Z", "number": 4, "iteration": 113, "person": []}}, {"model": "repoPlan.shift", "pk": 647, "fields": {"date": "2020-04-13T00:00:00Z", "number": 5, "iteration": 113, "person": []}}, {"model": "repoPlan.shift", "pk": 648, "fields": {"date": "2020-04-14T00:00:00Z", "number": 1, "iteration": 113, "person": []}}, {"model": "repoPlan.shift", "pk": 649, "fields": {"date": "2020-04-14T00:00:00Z", "number": 2, "iteration": 113, "person": []}}, {"model": "repoPlan.shift", "pk": 650, "fields": {"date": "2020-04-14T00:00:00Z", "number": 3, "iteration": 113, "person": []}}, {"model": "repoPlan.shift", "pk": 651, "fields": {"date": "2020-04-14T00:00:00Z", "number": 4, "iteration": 113, "person": []}}, {"model": "repoPlan.shift", "pk": 652, "fields": {"date": "2020-04-14T00:00:00Z", "number": 5, "iteration": 113, "person": []}}, {"model": "repoPlan.shift", "pk": 653, "fields": {"date": "2020-04-15T00:00:00Z", "number": 1, "iteration": 113, "person": []}}, {"model": "repoPlan.shift", "pk": 654, "fields": {"date": "2020-04-15T00:00:00Z", "number": 2, "iteration": 113, "person": []}}, {"model": "repoPlan.shift", "pk": 655, "fields": {"date": "2020-04-15T00:00:00Z", "number": 3, "iteration": 113, "person": []}}, {"model": "repoPlan.shift", "pk": 656, "fields": {"date": "2020-04-15T00:00:00Z", "number": 4, "iteration": 113, "person": []}}, {"model": "repoPlan.shift", "pk": 657, "fields": {"date": "2020-04-15T00:00:00Z", "number": 5, "iteration": 113, "person": []}}, {"model": "repoPlan.shift", "pk": 658, "fields": {"date": "2020-04-16T00:00:00Z", "number": 1, "iteration": 113, "person": []}}, {"model": "repoPlan.shift", "pk": 659, "fields": {"date": "2020-04-16T00:00:00Z", "number": 2, "iteration": 113, "person": []}}, {"model": "repoPlan.shift", "pk": 660, "fields": {"date": "2020-04-16T00:00:00Z", "number": 3, "iteration": 113, "person": []}}, {"model": "repoPlan.shift", "pk": 661, "fields": {"date": "2020-04-16T00:00:00Z", "number": 4, "iteration": 113, "person": []}}, {"model": "repoPlan.shift", "pk": 662, "fields": {"date": "2020-04-16T00:00:00Z", "number": 5, "iteration": 113, "person": []}}, {"model": "repoPlan.shift", "pk": 663, "fields": {"date": "2020-04-17T00:00:00Z", "number": 1, "iteration": 113, "person": []}}, {"model": "repoPlan.shift", "pk": 664, "fields": {"date": "2020-04-17T00:00:00Z", "number": 2, "iteration": 113, "person": []}}, {"model": "repoPlan.shift", "pk": 665, "fields": {"date": "2020-04-17T00:00:00Z", "number": 3, "iteration": 113, "person": []}}, {"model": "repoPlan.shift", "pk": 666, "fields": {"date": "2020-04-17T00:00:00Z", "number": 4, "iteration": 113, "person": []}}, {"model": "repoPlan.shift", "pk": 667, "fields": {"date": "2020-04-17T00:00:00Z", "number": 5, "iteration": 113, "person": []}}, {"model": "repoPlan.shift", "pk": 668, "fields": {"date": "2020-04-18T00:00:00Z", "number": 8, "iteration": 114, "person": [1]}}, {"model": "repoPlan.shift", "pk": 669, "fields": {"date": "2020-04-18T00:00:00Z", "number": 1, "iteration": 114, "person": [2]}}, {"model": "repoPlan.shift", "pk": 670, "fields": {"date": "2020-04-18T00:00:00Z", "number": 2, "iteration": 114, "person": [3]}}, {"model": "repoPlan.shift", "pk": 671, "fields": {"date": "2020-04-18T00:00:00Z", "number": 3, "iteration": 114, "person": [4]}}, {"model": "repoPlan.shift", "pk": 672, "fields": {"date": "2020-04-18T00:00:00Z", "number": 4, "iteration": 114, "person": [5]}}, {"model": "repoPlan.shift", "pk": 673, "fields": {"date": "2020-04-18T00:00:00Z", "number": 5, "iteration": 114, "person": [18]}}, {"model": "repoPlan.shift", "pk": 674, "fields": {"date": "2020-04-24T00:00:00Z", "number": 1, "iteration": 114, "person": [20]}}, {"model": "repoPlan.shift", "pk": 675, "fields": {"date": "2020-04-18T00:00:00Z", "number": 6, "iteration": 115, "person": [6]}}, {"model": "repoPlan.shift", "pk": 676, "fields": {"date": "2020-04-18T00:00:00Z", "number": 7, "iteration": 115, "person": [7]}}, {"model": "repoPlan.shift", "pk": 677, "fields": {"date": "2020-04-18T00:00:00Z", "number": 1, "iteration": 115, "person": [8]}}, {"model": "repoPlan.shift", "pk": 678, "fields": {"date": "2020-04-18T00:00:00Z", "number": 2, "iteration": 115, "person": [9]}}, {"model": "repoPlan.shift", "pk": 679, "fields": {"date": "2020-04-18T00:00:00Z", "number": 3, "iteration": 115, "person": [10]}}, {"model": "repoPlan.shift", "pk": 680, "fields": {"date": "2020-04-18T00:00:00Z", "number": 4, "iteration": 115, "person": [11]}}, {"model": "repoPlan.shift", "pk": 681, "fields": {"date": "2020-04-18T00:00:00Z", "number": 5, "iteration": 115, "person": [12]}}, {"model": "repoPlan.shift", "pk": 682, "fields": {"date": "2020-04-19T00:00:00Z", "number": 6, "iteration": 115, "person": [13]}}, {"model": "repoPlan.shift", "pk": 683, "fields": {"date": "2020-04-19T00:00:00Z", "number": 7, "iteration": 115, "person": [14]}}, {"model": "repoPlan.shift", "pk": 684, "fields": {"date": "2020-04-19T00:00:00Z", "number": 1, "iteration": 115, "person": [15]}}, {"model": "repoPlan.shift", "pk": 685, "fields": {"date": "2020-04-19T00:00:00Z", "number": 2, "iteration": 115, "person": [16]}}, {"model": "repoPlan.shift", "pk": 686, "fields": {"date": "2020-04-19T00:00:00Z", "number": 3, "iteration": 115, "person": [17]}}, {"model": "repoPlan.shift", "pk": 687, "fields": {"date": "2020-04-19T00:00:00Z", "number": 4, "iteration": 115, "person": [19]}}, {"model": "repoPlan.shift", "pk": 688, "fields": {"date": "2020-04-19T00:00:00Z", "number": 5, "iteration": 115, "person": [21]}}, {"model": "repoPlan.shift", "pk": 689, "fields": {"date": "2020-04-20T00:00:00Z", "number": 1, "iteration": 115, "person": [22]}}, {"model": "repoPlan.shift", "pk": 690, "fields": {"date": "2020-04-20T00:00:00Z", "number": 2, "iteration": 115, "person": [23]}}, {"model": "repoPlan.shift", "pk": 691, "fields": {"date": "2020-04-20T00:00:00Z", "number": 3, "iteration": 115, "person": [24]}}, {"model": "repoPlan.shift", "pk": 692, "fields": {"date": "2020-04-20T00:00:00Z", "number": 4, "iteration": 115, "person": []}}, {"model": "repoPlan.shift", "pk": 693, "fields": {"date": "2020-04-20T00:00:00Z", "number": 5, "iteration": 115, "person": []}}, {"model": "repoPlan.shift", "pk": 694, "fields": {"date": "2020-04-21T00:00:00Z", "number": 1, "iteration": 115, "person": []}}, {"model": "repoPlan.shift", "pk": 695, "fields": {"date": "2020-04-21T00:00:00Z", "number": 2, "iteration": 115, "person": []}}, {"model": "repoPlan.shift", "pk": 696, "fields": {"date": "2020-04-21T00:00:00Z", "number": 3, "iteration": 115, "person": []}}, {"model": "repoPlan.shift", "pk": 697, "fields": {"date": "2020-04-21T00:00:00Z", "number": 4, "iteration": 115, "person": []}}, {"model": "repoPlan.shift", "pk": 698, "fields": {"date": "2020-04-21T00:00:00Z", "number": 5, "iteration": 115, "person": []}}, {"model": "repoPlan.shift", "pk": 699, "fields": {"date": "2020-04-22T00:00:00Z", "number": 1, "iteration": 115, "person": []}}, {"model": "repoPlan.shift", "pk": 700, "fields": {"date": "2020-04-22T00:00:00Z", "number": 2, "iteration": 115, "person": []}}, {"model": "repoPlan.shift", "pk": 701, "fields": {"date": "2020-04-22T00:00:00Z", "number": 3, "iteration": 115, "person": []}}, {"model": "repoPlan.shift", "pk": 702, "fields": {"date": "2020-04-22T00:00:00Z", "number": 4, "iteration": 115, "person": []}}, {"model": "repoPlan.shift", "pk": 703, "fields": {"date": "2020-04-22T00:00:00Z", "number": 5, "iteration": 115, "person": []}}, {"model": "repoPlan.shift", "pk": 704, "fields": {"date": "2020-04-23T00:00:00Z", "number": 1, "iteration": 115, "person": []}}, {"model": "repoPlan.shift", "pk": 705, "fields": {"date": "2020-04-23T00:00:00Z", "number": 2, "iteration": 115, "person": []}}, {"model": "repoPlan.shift", "pk": 706, "fields": {"date": "2020-04-23T00:00:00Z", "number": 3, "iteration": 115, "person": []}}, {"model": "repoPlan.shift", "pk": 707, "fields": {"date": "2020-04-23T00:00:00Z", "number": 4, "iteration": 115, "person": []}}, {"model": "repoPlan.shift", "pk": 708, "fields": {"date": "2020-04-23T00:00:00Z", "number": 5, "iteration": 115, "person": []}}, {"model": "repoPlan.shift", "pk": 709, "fields": {"date": "2020-04-24T00:00:00Z", "number": 1, "iteration": 115, "person": []}}, {"model": "repoPlan.shift", "pk": 710, "fields": {"date": "2020-04-24T00:00:00Z", "number": 2, "iteration": 115, "person": []}}, {"model": "repoPlan.shift", "pk": 711, "fields": {"date": "2020-04-24T00:00:00Z", "number": 3, "iteration": 115, "person": []}}, {"model": "repoPlan.shift", "pk": 712, "fields": {"date": "2020-04-24T00:00:00Z", "number": 4, "iteration": 115, "person": []}}, {"model": "repoPlan.shift", "pk": 713, "fields": {"date": "2020-04-24T00:00:00Z", "number": 5, "iteration": 115, "person": []}}, {"model": "repoPlan.shift", "pk": 714, "fields": {"date": "2020-04-25T00:00:00Z", "number": 8, "iteration": 116, "person": [1]}}, {"model": "repoPlan.shift", "pk": 715, "fields": {"date": "2020-04-25T00:00:00Z", "number": 1, "iteration": 116, "person": [2]}}, {"model": "repoPlan.shift", "pk": 716, "fields": {"date": "2020-04-25T00:00:00Z", "number": 2, "iteration": 116, "person": [3]}}, {"model": "repoPlan.shift", "pk": 717, "fields": {"date": "2020-04-25T00:00:00Z", "number": 3, "iteration": 116, "person": [4]}}, {"model": "repoPlan.shift", "pk": 718, "fields": {"date": "2020-04-25T00:00:00Z", "number": 4, "iteration": 116, "person": [5]}}, {"model": "repoPlan.shift", "pk": 719, "fields": {"date": "2020-04-25T00:00:00Z", "number": 5, "iteration": 116, "person": [18]}}, {"model": "repoPlan.shift", "pk": 720, "fields": {"date": "2020-05-01T00:00:00Z", "number": 1, "iteration": 116, "person": [20]}}, {"model": "repoPlan.shift", "pk": 721, "fields": {"date": "2020-05-02T00:00:00Z", "number": 8, "iteration": 117, "person": [1]}}, {"model": "repoPlan.shift", "pk": 722, "fields": {"date": "2020-05-02T00:00:00Z", "number": 1, "iteration": 117, "person": [2]}}, {"model": "repoPlan.shift", "pk": 723, "fields": {"date": "2020-05-02T00:00:00Z", "number": 2, "iteration": 117, "person": [3]}}, {"model": "repoPlan.shift", "pk": 724, "fields": {"date": "2020-05-02T00:00:00Z", "number": 3, "iteration": 117, "person": [4]}}, {"model": "repoPlan.shift", "pk": 725, "fields": {"date": "2020-05-02T00:00:00Z", "number": 4, "iteration": 117, "person": [5]}}, {"model": "repoPlan.shift", "pk": 726, "fields": {"date": "2020-05-02T00:00:00Z", "number": 5, "iteration": 117, "person": [18]}}, {"model": "repoPlan.shift", "pk": 727, "fields": {"date": "2020-05-08T00:00:00Z", "number": 1, "iteration": 117, "person": [20]}}, {"model": "repoPlan.shift", "pk": 728, "fields": {"date": "2020-04-25T00:00:00Z", "number": 6, "iteration": 118, "person": [6]}}, {"model": "repoPlan.shift", "pk": 729, "fields": {"date": "2020-04-25T00:00:00Z", "number": 7, "iteration": 118, "person": [7]}}, {"model": "repoPlan.shift", "pk": 730, "fields": {"date": "2020-04-25T00:00:00Z", "number": 1, "iteration": 118, "person": [8]}}, {"model": "repoPlan.shift", "pk": 731, "fields": {"date": "2020-04-25T00:00:00Z", "number": 2, "iteration": 118, "person": [9]}}, {"model": "repoPlan.shift", "pk": 732, "fields": {"date": "2020-04-25T00:00:00Z", "number": 3, "iteration": 118, "person": [10]}}, {"model": "repoPlan.shift", "pk": 733, "fields": {"date": "2020-04-25T00:00:00Z", "number": 4, "iteration": 118, "person": [11]}}, {"model": "repoPlan.shift", "pk": 734, "fields": {"date": "2020-04-25T00:00:00Z", "number": 5, "iteration": 118, "person": [12]}}, {"model": "repoPlan.shift", "pk": 735, "fields": {"date": "2020-04-26T00:00:00Z", "number": 6, "iteration": 118, "person": [13]}}, {"model": "repoPlan.shift", "pk": 736, "fields": {"date": "2020-04-26T00:00:00Z", "number": 7, "iteration": 118, "person": [14]}}, {"model": "repoPlan.shift", "pk": 737, "fields": {"date": "2020-04-26T00:00:00Z", "number": 1, "iteration": 118, "person": [15]}}, {"model": "repoPlan.shift", "pk": 738, "fields": {"date": "2020-04-26T00:00:00Z", "number": 2, "iteration": 118, "person": [16]}}, {"model": "repoPlan.shift", "pk": 739, "fields": {"date": "2020-04-26T00:00:00Z", "number": 3, "iteration": 118, "person": [17]}}, {"model": "repoPlan.shift", "pk": 740, "fields": {"date": "2020-04-26T00:00:00Z", "number": 4, "iteration": 118, "person": [19]}}, {"model": "repoPlan.shift", "pk": 741, "fields": {"date": "2020-04-26T00:00:00Z", "number": 5, "iteration": 118, "person": [21]}}, {"model": "repoPlan.shift", "pk": 742, "fields": {"date": "2020-04-27T00:00:00Z", "number": 1, "iteration": 118, "person": [22]}}, {"model": "repoPlan.shift", "pk": 743, "fields": {"date": "2020-04-27T00:00:00Z", "number": 2, "iteration": 118, "person": [23]}}, {"model": "repoPlan.shift", "pk": 744, "fields": {"date": "2020-04-27T00:00:00Z", "number": 3, "iteration": 118, "person": [24]}}, {"model": "repoPlan.shift", "pk": 745, "fields": {"date": "2020-04-27T00:00:00Z", "number": 4, "iteration": 118, "person": []}}, {"model": "repoPlan.shift", "pk": 746, "fields": {"date": "2020-04-27T00:00:00Z", "number": 5, "iteration": 118, "person": []}}, {"model": "repoPlan.shift", "pk": 747, "fields": {"date": "2020-04-28T00:00:00Z", "number": 1, "iteration": 118, "person": []}}, {"model": "repoPlan.shift", "pk": 748, "fields": {"date": "2020-04-28T00:00:00Z", "number": 2, "iteration": 118, "person": []}}, {"model": "repoPlan.shift", "pk": 749, "fields": {"date": "2020-04-28T00:00:00Z", "number": 3, "iteration": 118, "person": []}}, {"model": "repoPlan.shift", "pk": 750, "fields": {"date": "2020-04-28T00:00:00Z", "number": 4, "iteration": 118, "person": []}}, {"model": "repoPlan.shift", "pk": 751, "fields": {"date": "2020-04-28T00:00:00Z", "number": 5, "iteration": 118, "person": []}}, {"model": "repoPlan.shift", "pk": 752, "fields": {"date": "2020-04-29T00:00:00Z", "number": 1, "iteration": 118, "person": []}}, {"model": "repoPlan.shift", "pk": 753, "fields": {"date": "2020-04-29T00:00:00Z", "number": 2, "iteration": 118, "person": []}}, {"model": "repoPlan.shift", "pk": 754, "fields": {"date": "2020-04-29T00:00:00Z", "number": 3, "iteration": 118, "person": []}}, {"model": "repoPlan.shift", "pk": 755, "fields": {"date": "2020-04-29T00:00:00Z", "number": 4, "iteration": 118, "person": []}}, {"model": "repoPlan.shift", "pk": 756, "fields": {"date": "2020-04-29T00:00:00Z", "number": 5, "iteration": 118, "person": []}}, {"model": "repoPlan.shift", "pk": 757, "fields": {"date": "2020-04-30T00:00:00Z", "number": 1, "iteration": 118, "person": []}}, {"model": "repoPlan.shift", "pk": 758, "fields": {"date": "2020-04-30T00:00:00Z", "number": 2, "iteration": 118, "person": []}}, {"model": "repoPlan.shift", "pk": 759, "fields": {"date": "2020-04-30T00:00:00Z", "number": 3, "iteration": 118, "person": []}}, {"model": "repoPlan.shift", "pk": 760, "fields": {"date": "2020-04-30T00:00:00Z", "number": 4, "iteration": 118, "person": []}}, {"model": "repoPlan.shift", "pk": 761, "fields": {"date": "2020-04-30T00:00:00Z", "number": 5, "iteration": 118, "person": []}}, {"model": "repoPlan.shift", "pk": 762, "fields": {"date": "2020-05-01T00:00:00Z", "number": 1, "iteration": 118, "person": []}}, {"model": "repoPlan.shift", "pk": 763, "fields": {"date": "2020-05-01T00:00:00Z", "number": 2, "iteration": 118, "person": []}}, {"model": "repoPlan.shift", "pk": 764, "fields": {"date": "2020-05-01T00:00:00Z", "number": 3, "iteration": 118, "person": []}}, {"model": "repoPlan.shift", "pk": 765, "fields": {"date": "2020-05-01T00:00:00Z", "number": 4, "iteration": 118, "person": []}}, {"model": "repoPlan.shift", "pk": 766, "fields": {"date": "2020-05-01T00:00:00Z", "number": 5, "iteration": 118, "person": []}}, {"model": "repoPlan.shift", "pk": 767, "fields": {"date": "2020-05-02T00:00:00Z", "number": 6, "iteration": 118, "person": []}}, {"model": "repoPlan.shift", "pk": 768, "fields": {"date": "2020-05-02T00:00:00Z", "number": 7, "iteration": 118, "person": []}}, {"model": "repoPlan.shift", "pk": 769, "fields": {"date": "2020-05-02T00:00:00Z", "number": 1, "iteration": 118, "person": []}}, {"model": "repoPlan.shift", "pk": 770, "fields": {"date": "2020-05-02T00:00:00Z", "number": 2, "iteration": 118, "person": []}}, {"model": "repoPlan.shift", "pk": 771, "fields": {"date": "2020-05-02T00:00:00Z", "number": 3, "iteration": 118, "person": []}}, {"model": "repoPlan.shift", "pk": 772, "fields": {"date": "2020-05-02T00:00:00Z", "number": 4, "iteration": 118, "person": []}}, {"model": "repoPlan.shift", "pk": 773, "fields": {"date": "2020-05-02T00:00:00Z", "number": 5, "iteration": 118, "person": []}}, {"model": "repoPlan.shift", "pk": 774, "fields": {"date": "2020-05-03T00:00:00Z", "number": 6, "iteration": 118, "person": []}}, {"model": "repoPlan.shift", "pk": 775, "fields": {"date": "2020-05-03T00:00:00Z", "number": 7, "iteration": 118, "person": []}}, {"model": "repoPlan.shift", "pk": 776, "fields": {"date": "2020-05-03T00:00:00Z", "number": 1, "iteration": 118, "person": []}}, {"model": "repoPlan.shift", "pk": 777, "fields": {"date": "2020-05-03T00:00:00Z", "number": 2, "iteration": 118, "person": []}}, {"model": "repoPlan.shift", "pk": 778, "fields": {"date": "2020-05-03T00:00:00Z", "number": 3, "iteration": 118, "person": []}}, {"model": "repoPlan.shift", "pk": 779, "fields": {"date": "2020-05-03T00:00:00Z", "number": 4, "iteration": 118, "person": []}}, {"model": "repoPlan.shift", "pk": 780, "fields": {"date": "2020-05-03T00:00:00Z", "number": 5, "iteration": 118, "person": []}}, {"model": "repoPlan.shift", "pk": 781, "fields": {"date": "2020-05-04T00:00:00Z", "number": 1, "iteration": 118, "person": []}}, {"model": "repoPlan.shift", "pk": 782, "fields": {"date": "2020-05-04T00:00:00Z", "number": 2, "iteration": 118, "person": []}}, {"model": "repoPlan.shift", "pk": 783, "fields": {"date": "2020-05-04T00:00:00Z", "number": 3, "iteration": 118, "person": []}}, {"model": "repoPlan.shift", "pk": 784, "fields": {"date": "2020-05-04T00:00:00Z", "number": 4, "iteration": 118, "person": []}}, {"model": "repoPlan.shift", "pk": 785, "fields": {"date": "2020-05-04T00:00:00Z", "number": 5, "iteration": 118, "person": []}}, {"model": "repoPlan.shift", "pk": 786, "fields": {"date": "2020-05-05T00:00:00Z", "number": 1, "iteration": 118, "person": []}}, {"model": "repoPlan.shift", "pk": 787, "fields": {"date": "2020-05-05T00:00:00Z", "number": 2, "iteration": 118, "person": []}}, {"model": "repoPlan.shift", "pk": 788, "fields": {"date": "2020-05-05T00:00:00Z", "number": 3, "iteration": 118, "person": []}}, {"model": "repoPlan.shift", "pk": 789, "fields": {"date": "2020-05-05T00:00:00Z", "number": 4, "iteration": 118, "person": []}}, {"model": "repoPlan.shift", "pk": 790, "fields": {"date": "2020-05-05T00:00:00Z", "number": 5, "iteration": 118, "person": []}}, {"model": "repoPlan.shift", "pk": 791, "fields": {"date": "2020-05-06T00:00:00Z", "number": 1, "iteration": 118, "person": []}}, {"model": "repoPlan.shift", "pk": 792, "fields": {"date": "2020-05-06T00:00:00Z", "number": 2, "iteration": 118, "person": []}}, {"model": "repoPlan.shift", "pk": 793, "fields": {"date": "2020-05-06T00:00:00Z", "number": 3, "iteration": 118, "person": []}}, {"model": "repoPlan.shift", "pk": 794, "fields": {"date": "2020-05-06T00:00:00Z", "number": 4, "iteration": 118, "person": []}}, {"model": "repoPlan.shift", "pk": 795, "fields": {"date": "2020-05-06T00:00:00Z", "number": 5, "iteration": 118, "person": []}}, {"model": "repoPlan.shift", "pk": 796, "fields": {"date": "2020-05-07T00:00:00Z", "number": 1, "iteration": 118, "person": []}}, {"model": "repoPlan.shift", "pk": 797, "fields": {"date": "2020-05-07T00:00:00Z", "number": 2, "iteration": 118, "person": []}}, {"model": "repoPlan.shift", "pk": 798, "fields": {"date": "2020-05-07T00:00:00Z", "number": 3, "iteration": 118, "person": []}}, {"model": "repoPlan.shift", "pk": 799, "fields": {"date": "2020-05-07T00:00:00Z", "number": 4, "iteration": 118, "person": []}}, {"model": "repoPlan.shift", "pk": 800, "fields": {"date": "2020-05-07T00:00:00Z", "number": 5, "iteration": 118, "person": []}}, {"model": "repoPlan.shift", "pk": 801, "fields": {"date": "2020-05-08T00:00:00Z", "number": 1, "iteration": 118, "person": []}}, {"model": "repoPlan.shift", "pk": 802, "fields": {"date": "2020-05-08T00:00:00Z", "number": 2, "iteration": 118, "person": []}}, {"model": "repoPlan.shift", "pk": 803, "fields": {"date": "2020-05-08T00:00:00Z", "number": 3, "iteration": 118, "person": []}}, {"model": "repoPlan.shift", "pk": 804, "fields": {"date": "2020-05-08T00:00:00Z", "number": 4, "iteration": 118, "person": []}}, {"model": "repoPlan.shift", "pk": 805, "fields": {"date": "2020-05-08T00:00:00Z", "number": 5, "iteration": 118, "person": []}}, {"model": "repoPlan.shift", "pk": 806, "fields": {"date": "2020-05-09T00:00:00Z", "number": 8, "iteration": 119, "person": [1]}}, {"model": "repoPlan.shift", "pk": 807, "fields": {"date": "2020-05-09T00:00:00Z", "number": 1, "iteration": 119, "person": [2]}}, {"model": "repoPlan.shift", "pk": 808, "fields": {"date": "2020-05-09T00:00:00Z", "number": 2, "iteration": 119, "person": [3]}}, {"model": "repoPlan.shift", "pk": 809, "fields": {"date": "2020-05-09T00:00:00Z", "number": 3, "iteration": 119, "person": [4]}}, {"model": "repoPlan.shift", "pk": 810, "fields": {"date": "2020-05-09T00:00:00Z", "number": 4, "iteration": 119, "person": [5]}}, {"model": "repoPlan.shift", "pk": 811, "fields": {"date": "2020-05-09T00:00:00Z", "number": 5, "iteration": 119, "person": [18]}}, {"model": "repoPlan.shift", "pk": 812, "fields": {"date": "2020-05-15T00:00:00Z", "number": 1, "iteration": 119, "person": [20]}}, {"model": "repoPlan.shift", "pk": 813, "fields": {"date": "2020-05-09T00:00:00Z", "number": 6, "iteration": 120, "person": [6]}}, {"model": "repoPlan.shift", "pk": 814, "fields": {"date": "2020-05-09T00:00:00Z", "number": 7, "iteration": 120, "person": [7]}}, {"model": "repoPlan.shift", "pk": 815, "fields": {"date": "2020-05-09T00:00:00Z", "number": 1, "iteration": 120, "person": [8]}}, {"model": "repoPlan.shift", "pk": 816, "fields": {"date": "2020-05-09T00:00:00Z", "number": 2, "iteration": 120, "person": [9]}}, {"model": "repoPlan.shift", "pk": 817, "fields": {"date": "2020-05-09T00:00:00Z", "number": 3, "iteration": 120, "person": [10]}}, {"model": "repoPlan.shift", "pk": 818, "fields": {"date": "2020-05-09T00:00:00Z", "number": 4, "iteration": 120, "person": [11]}}, {"model": "repoPlan.shift", "pk": 819, "fields": {"date": "2020-05-09T00:00:00Z", "number": 5, "iteration": 120, "person": [12]}}, {"model": "repoPlan.shift", "pk": 820, "fields": {"date": "2020-05-10T00:00:00Z", "number": 6, "iteration": 120, "person": [13]}}, {"model": "repoPlan.shift", "pk": 821, "fields": {"date": "2020-05-10T00:00:00Z", "number": 7, "iteration": 120, "person": [14]}}, {"model": "repoPlan.shift", "pk": 822, "fields": {"date": "2020-05-10T00:00:00Z", "number": 1, "iteration": 120, "person": [15]}}, {"model": "repoPlan.shift", "pk": 823, "fields": {"date": "2020-05-10T00:00:00Z", "number": 2, "iteration": 120, "person": [16]}}, {"model": "repoPlan.shift", "pk": 824, "fields": {"date": "2020-05-10T00:00:00Z", "number": 3, "iteration": 120, "person": [17]}}, {"model": "repoPlan.shift", "pk": 825, "fields": {"date": "2020-05-10T00:00:00Z", "number": 4, "iteration": 120, "person": [19]}}, {"model": "repoPlan.shift", "pk": 826, "fields": {"date": "2020-05-10T00:00:00Z", "number": 5, "iteration": 120, "person": [21]}}, {"model": "repoPlan.shift", "pk": 827, "fields": {"date": "2020-05-11T00:00:00Z", "number": 1, "iteration": 120, "person": [22]}}, {"model": "repoPlan.shift", "pk": 828, "fields": {"date": "2020-05-11T00:00:00Z", "number": 2, "iteration": 120, "person": [23]}}, {"model": "repoPlan.shift", "pk": 829, "fields": {"date": "2020-05-11T00:00:00Z", "number": 3, "iteration": 120, "person": [24]}}, {"model": "repoPlan.shift", "pk": 830, "fields": {"date": "2020-05-11T00:00:00Z", "number": 4, "iteration": 120, "person": []}}, {"model": "repoPlan.shift", "pk": 831, "fields": {"date": "2020-05-11T00:00:00Z", "number": 5, "iteration": 120, "person": []}}, {"model": "repoPlan.shift", "pk": 832, "fields": {"date": "2020-05-12T00:00:00Z", "number": 1, "iteration": 120, "person": []}}, {"model": "repoPlan.shift", "pk": 833, "fields": {"date": "2020-05-12T00:00:00Z", "number": 2, "iteration": 120, "person": []}}, {"model": "repoPlan.shift", "pk": 834, "fields": {"date": "2020-05-12T00:00:00Z", "number": 3, "iteration": 120, "person": []}}, {"model": "repoPlan.shift", "pk": 835, "fields": {"date": "2020-05-12T00:00:00Z", "number": 4, "iteration": 120, "person": []}}, {"model": "repoPlan.shift", "pk": 836, "fields": {"date": "2020-05-12T00:00:00Z", "number": 5, "iteration": 120, "person": []}}, {"model": "repoPlan.shift", "pk": 837, "fields": {"date": "2020-05-13T00:00:00Z", "number": 1, "iteration": 120, "person": []}}, {"model": "repoPlan.shift", "pk": 838, "fields": {"date": "2020-05-13T00:00:00Z", "number": 2, "iteration": 120, "person": []}}, {"model": "repoPlan.shift", "pk": 839, "fields": {"date": "2020-05-13T00:00:00Z", "number": 3, "iteration": 120, "person": []}}, {"model": "repoPlan.shift", "pk": 840, "fields": {"date": "2020-05-13T00:00:00Z", "number": 4, "iteration": 120, "person": []}}, {"model": "repoPlan.shift", "pk": 841, "fields": {"date": "2020-05-13T00:00:00Z", "number": 5, "iteration": 120, "person": []}}, {"model": "repoPlan.shift", "pk": 842, "fields": {"date": "2020-05-14T00:00:00Z", "number": 1, "iteration": 120, "person": []}}, {"model": "repoPlan.shift", "pk": 843, "fields": {"date": "2020-05-14T00:00:00Z", "number": 2, "iteration": 120, "person": []}}, {"model": "repoPlan.shift", "pk": 844, "fields": {"date": "2020-05-14T00:00:00Z", "number": 3, "iteration": 120, "person": []}}, {"model": "repoPlan.shift", "pk": 845, "fields": {"date": "2020-05-14T00:00:00Z", "number": 4, "iteration": 120, "person": []}}, {"model": "repoPlan.shift", "pk": 846, "fields": {"date": "2020-05-14T00:00:00Z", "number": 5, "iteration": 120, "person": []}}, {"model": "repoPlan.shift", "pk": 847, "fields": {"date": "2020-05-15T00:00:00Z", "number": 1, "iteration": 120, "person": []}}, {"model": "repoPlan.shift", "pk": 848, "fields": {"date": "2020-05-15T00:00:00Z", "number": 2, "iteration": 120, "person": []}}, {"model": "repoPlan.shift", "pk": 849, "fields": {"date": "2020-05-15T00:00:00Z", "number": 3, "iteration": 120, "person": []}}, {"model": "repoPlan.shift", "pk": 850, "fields": {"date": "2020-05-15T00:00:00Z", "number": 4, "iteration": 120, "person": []}}, {"model": "repoPlan.shift", "pk": 851, "fields": {"date": "2020-05-15T00:00:00Z", "number": 5, "iteration": 120, "person": []}}, {"model": "repoPlan.shift", "pk": 852, "fields": {"date": "2020-05-16T00:00:00Z", "number": 8, "iteration": 121, "person": [1]}}, {"model": "repoPlan.shift", "pk": 853, "fields": {"date": "2020-05-16T00:00:00Z", "number": 1, "iteration": 121, "person": [2]}}, {"model": "repoPlan.shift", "pk": 854, "fields": {"date": "2020-05-16T00:00:00Z", "number": 2, "iteration": 121, "person": [3]}}, {"model": "repoPlan.shift", "pk": 855, "fields": {"date": "2020-05-16T00:00:00Z", "number": 3, "iteration": 121, "person": [4]}}, {"model": "repoPlan.shift", "pk": 856, "fields": {"date": "2020-05-16T00:00:00Z", "number": 4, "iteration": 121, "person": [5]}}, {"model": "repoPlan.shift", "pk": 857, "fields": {"date": "2020-05-16T00:00:00Z", "number": 5, "iteration": 121, "person": [18]}}, {"model": "repoPlan.shift", "pk": 858, "fields": {"date": "2020-05-22T00:00:00Z", "number": 1, "iteration": 121, "person": [20]}}, {"model": "repoPlan.shift", "pk": 859, "fields": {"date": "2020-05-16T00:00:00Z", "number": 6, "iteration": 122, "person": [6]}}, {"model": "repoPlan.shift", "pk": 860, "fields": {"date": "2020-05-16T00:00:00Z", "number": 7, "iteration": 122, "person": [7]}}, {"model": "repoPlan.shift", "pk": 861, "fields": {"date": "2020-05-16T00:00:00Z", "number": 1, "iteration": 122, "person": [8]}}, {"model": "repoPlan.shift", "pk": 862, "fields": {"date": "2020-05-16T00:00:00Z", "number": 2, "iteration": 122, "person": [9]}}, {"model": "repoPlan.shift", "pk": 863, "fields": {"date": "2020-05-16T00:00:00Z", "number": 3, "iteration": 122, "person": [10]}}, {"model": "repoPlan.shift", "pk": 864, "fields": {"date": "2020-05-16T00:00:00Z", "number": 4, "iteration": 122, "person": [11]}}, {"model": "repoPlan.shift", "pk": 865, "fields": {"date": "2020-05-16T00:00:00Z", "number": 5, "iteration": 122, "person": [12]}}, {"model": "repoPlan.shift", "pk": 866, "fields": {"date": "2020-05-17T00:00:00Z", "number": 6, "iteration": 122, "person": [13]}}, {"model": "repoPlan.shift", "pk": 867, "fields": {"date": "2020-05-17T00:00:00Z", "number": 7, "iteration": 122, "person": [14]}}, {"model": "repoPlan.shift", "pk": 868, "fields": {"date": "2020-05-17T00:00:00Z", "number": 1, "iteration": 122, "person": [15]}}, {"model": "repoPlan.shift", "pk": 869, "fields": {"date": "2020-05-17T00:00:00Z", "number": 2, "iteration": 122, "person": [16]}}, {"model": "repoPlan.shift", "pk": 870, "fields": {"date": "2020-05-17T00:00:00Z", "number": 3, "iteration": 122, "person": [17]}}, {"model": "repoPlan.shift", "pk": 871, "fields": {"date": "2020-05-17T00:00:00Z", "number": 4, "iteration": 122, "person": [19]}}, {"model": "repoPlan.shift", "pk": 872, "fields": {"date": "2020-05-17T00:00:00Z", "number": 5, "iteration": 122, "person": [21]}}, {"model": "repoPlan.shift", "pk": 873, "fields": {"date": "2020-05-18T00:00:00Z", "number": 1, "iteration": 122, "person": [22]}}, {"model": "repoPlan.shift", "pk": 874, "fields": {"date": "2020-05-18T00:00:00Z", "number": 2, "iteration": 122, "person": [23]}}, {"model": "repoPlan.shift", "pk": 875, "fields": {"date": "2020-05-18T00:00:00Z", "number": 3, "iteration": 122, "person": [24]}}, {"model": "repoPlan.shift", "pk": 876, "fields": {"date": "2020-05-18T00:00:00Z", "number": 4, "iteration": 122, "person": []}}, {"model": "repoPlan.shift", "pk": 877, "fields": {"date": "2020-05-18T00:00:00Z", "number": 5, "iteration": 122, "person": []}}, {"model": "repoPlan.shift", "pk": 878, "fields": {"date": "2020-05-19T00:00:00Z", "number": 1, "iteration": 122, "person": []}}, {"model": "repoPlan.shift", "pk": 879, "fields": {"date": "2020-05-19T00:00:00Z", "number": 2, "iteration": 122, "person": []}}, {"model": "repoPlan.shift", "pk": 880, "fields": {"date": "2020-05-19T00:00:00Z", "number": 3, "iteration": 122, "person": []}}, {"model": "repoPlan.shift", "pk": 881, "fields": {"date": "2020-05-19T00:00:00Z", "number": 4, "iteration": 122, "person": []}}, {"model": "repoPlan.shift", "pk": 882, "fields": {"date": "2020-05-19T00:00:00Z", "number": 5, "iteration": 122, "person": []}}, {"model": "repoPlan.shift", "pk": 883, "fields": {"date": "2020-05-20T00:00:00Z", "number": 1, "iteration": 122, "person": []}}, {"model": "repoPlan.shift", "pk": 884, "fields": {"date": "2020-05-20T00:00:00Z", "number": 2, "iteration": 122, "person": []}}, {"model": "repoPlan.shift", "pk": 885, "fields": {"date": "2020-05-20T00:00:00Z", "number": 3, "iteration": 122, "person": []}}, {"model": "repoPlan.shift", "pk": 886, "fields": {"date": "2020-05-20T00:00:00Z", "number": 4, "iteration": 122, "person": []}}, {"model": "repoPlan.shift", "pk": 887, "fields": {"date": "2020-05-20T00:00:00Z", "number": 5, "iteration": 122, "person": []}}, {"model": "repoPlan.shift", "pk": 888, "fields": {"date": "2020-05-21T00:00:00Z", "number": 1, "iteration": 122, "person": []}}, {"model": "repoPlan.shift", "pk": 889, "fields": {"date": "2020-05-21T00:00:00Z", "number": 2, "iteration": 122, "person": []}}, {"model": "repoPlan.shift", "pk": 890, "fields": {"date": "2020-05-21T00:00:00Z", "number": 3, "iteration": 122, "person": []}}, {"model": "repoPlan.shift", "pk": 891, "fields": {"date": "2020-05-21T00:00:00Z", "number": 4, "iteration": 122, "person": []}}, {"model": "repoPlan.shift", "pk": 892, "fields": {"date": "2020-05-21T00:00:00Z", "number": 5, "iteration": 122, "person": []}}, {"model": "repoPlan.shift", "pk": 893, "fields": {"date": "2020-05-22T00:00:00Z", "number": 1, "iteration": 122, "person": []}}, {"model": "repoPlan.shift", "pk": 894, "fields": {"date": "2020-05-22T00:00:00Z", "number": 2, "iteration": 122, "person": []}}, {"model": "repoPlan.shift", "pk": 895, "fields": {"date": "2020-05-22T00:00:00Z", "number": 3, "iteration": 122, "person": []}}, {"model": "repoPlan.shift", "pk": 896, "fields": {"date": "2020-05-22T00:00:00Z", "number": 4, "iteration": 122, "person": []}}, {"model": "repoPlan.shift", "pk": 897, "fields": {"date": "2020-05-22T00:00:00Z", "number": 5, "iteration": 122, "person": []}}, {"model": "repoPlan.shift", "pk": 898, "fields": {"date": "2020-05-23T00:00:00Z", "number": 8, "iteration": 123, "person": [1]}}, {"model": "repoPlan.shift", "pk": 899, "fields": {"date": "2020-05-23T00:00:00Z", "number": 1, "iteration": 123, "person": [2]}}, {"model": "repoPlan.shift", "pk": 900, "fields": {"date": "2020-05-23T00:00:00Z", "number": 2, "iteration": 123, "person": [3]}}, {"model": "repoPlan.shift", "pk": 901, "fields": {"date": "2020-05-23T00:00:00Z", "number": 3, "iteration": 123, "person": [4]}}, {"model": "repoPlan.shift", "pk": 902, "fields": {"date": "2020-05-23T00:00:00Z", "number": 4, "iteration": 123, "person": [5]}}, {"model": "repoPlan.shift", "pk": 903, "fields": {"date": "2020-05-23T00:00:00Z", "number": 5, "iteration": 123, "person": [18]}}, {"model": "repoPlan.shift", "pk": 904, "fields": {"date": "2020-05-29T00:00:00Z", "number": 1, "iteration": 123, "person": [20]}}, {"model": "repoPlan.shift", "pk": 905, "fields": {"date": "2020-05-23T00:00:00Z", "number": 6, "iteration": 124, "person": [6]}}, {"model": "repoPlan.shift", "pk": 906, "fields": {"date": "2020-05-23T00:00:00Z", "number": 7, "iteration": 124, "person": [7]}}, {"model": "repoPlan.shift", "pk": 907, "fields": {"date": "2020-05-23T00:00:00Z", "number": 1, "iteration": 124, "person": [8]}}, {"model": "repoPlan.shift", "pk": 908, "fields": {"date": "2020-05-23T00:00:00Z", "number": 2, "iteration": 124, "person": [9]}}, {"model": "repoPlan.shift", "pk": 909, "fields": {"date": "2020-05-23T00:00:00Z", "number": 3, "iteration": 124, "person": [10]}}, {"model": "repoPlan.shift", "pk": 910, "fields": {"date": "2020-05-23T00:00:00Z", "number": 4, "iteration": 124, "person": [11]}}, {"model": "repoPlan.shift", "pk": 911, "fields": {"date": "2020-05-23T00:00:00Z", "number": 5, "iteration": 124, "person": [12]}}, {"model": "repoPlan.shift", "pk": 912, "fields": {"date": "2020-05-24T00:00:00Z", "number": 6, "iteration": 124, "person": [13]}}, {"model": "repoPlan.shift", "pk": 913, "fields": {"date": "2020-05-24T00:00:00Z", "number": 7, "iteration": 124, "person": [14]}}, {"model": "repoPlan.shift", "pk": 914, "fields": {"date": "2020-05-24T00:00:00Z", "number": 1, "iteration": 124, "person": [15]}}, {"model": "repoPlan.shift", "pk": 915, "fields": {"date": "2020-05-24T00:00:00Z", "number": 2, "iteration": 124, "person": [16]}}, {"model": "repoPlan.shift", "pk": 916, "fields": {"date": "2020-05-24T00:00:00Z", "number": 3, "iteration": 124, "person": [17]}}, {"model": "repoPlan.shift", "pk": 917, "fields": {"date": "2020-05-24T00:00:00Z", "number": 4, "iteration": 124, "person": [19]}}, {"model": "repoPlan.shift", "pk": 918, "fields": {"date": "2020-05-24T00:00:00Z", "number": 5, "iteration": 124, "person": [21]}}, {"model": "repoPlan.shift", "pk": 919, "fields": {"date": "2020-05-25T00:00:00Z", "number": 1, "iteration": 124, "person": [22]}}, {"model": "repoPlan.shift", "pk": 920, "fields": {"date": "2020-05-25T00:00:00Z", "number": 2, "iteration": 124, "person": [23]}}, {"model": "repoPlan.shift", "pk": 921, "fields": {"date": "2020-05-25T00:00:00Z", "number": 3, "iteration": 124, "person": [24]}}, {"model": "repoPlan.shift", "pk": 922, "fields": {"date": "2020-05-25T00:00:00Z", "number": 4, "iteration": 124, "person": []}}, {"model": "repoPlan.shift", "pk": 923, "fields": {"date": "2020-05-25T00:00:00Z", "number": 5, "iteration": 124, "person": []}}, {"model": "repoPlan.shift", "pk": 924, "fields": {"date": "2020-05-26T00:00:00Z", "number": 1, "iteration": 124, "person": []}}, {"model": "repoPlan.shift", "pk": 925, "fields": {"date": "2020-05-26T00:00:00Z", "number": 2, "iteration": 124, "person": []}}, {"model": "repoPlan.shift", "pk": 926, "fields": {"date": "2020-05-26T00:00:00Z", "number": 3, "iteration": 124, "person": []}}, {"model": "repoPlan.shift", "pk": 927, "fields": {"date": "2020-05-26T00:00:00Z", "number": 4, "iteration": 124, "person": []}}, {"model": "repoPlan.shift", "pk": 928, "fields": {"date": "2020-05-26T00:00:00Z", "number": 5, "iteration": 124, "person": []}}, {"model": "repoPlan.shift", "pk": 929, "fields": {"date": "2020-05-27T00:00:00Z", "number": 1, "iteration": 124, "person": []}}, {"model": "repoPlan.shift", "pk": 930, "fields": {"date": "2020-05-27T00:00:00Z", "number": 2, "iteration": 124, "person": []}}, {"model": "repoPlan.shift", "pk": 931, "fields": {"date": "2020-05-27T00:00:00Z", "number": 3, "iteration": 124, "person": []}}, {"model": "repoPlan.shift", "pk": 932, "fields": {"date": "2020-05-27T00:00:00Z", "number": 4, "iteration": 124, "person": []}}, {"model": "repoPlan.shift", "pk": 933, "fields": {"date": "2020-05-27T00:00:00Z", "number": 5, "iteration": 124, "person": []}}, {"model": "repoPlan.shift", "pk": 934, "fields": {"date": "2020-05-28T00:00:00Z", "number": 1, "iteration": 124, "person": []}}, {"model": "repoPlan.shift", "pk": 935, "fields": {"date": "2020-05-28T00:00:00Z", "number": 2, "iteration": 124, "person": []}}, {"model": "repoPlan.shift", "pk": 936, "fields": {"date": "2020-05-28T00:00:00Z", "number": 3, "iteration": 124, "person": []}}, {"model": "repoPlan.shift", "pk": 937, "fields": {"date": "2020-05-28T00:00:00Z", "number": 4, "iteration": 124, "person": []}}, {"model": "repoPlan.shift", "pk": 938, "fields": {"date": "2020-05-28T00:00:00Z", "number": 5, "iteration": 124, "person": []}}, {"model": "repoPlan.shift", "pk": 939, "fields": {"date": "2020-05-29T00:00:00Z", "number": 1, "iteration": 124, "person": []}}, {"model": "repoPlan.shift", "pk": 940, "fields": {"date": "2020-05-29T00:00:00Z", "number": 2, "iteration": 124, "person": []}}, {"model": "repoPlan.shift", "pk": 941, "fields": {"date": "2020-05-29T00:00:00Z", "number": 3, "iteration": 124, "person": []}}, {"model": "repoPlan.shift", "pk": 942, "fields": {"date": "2020-05-29T00:00:00Z", "number": 4, "iteration": 124, "person": []}}, {"model": "repoPlan.shift", "pk": 943, "fields": {"date": "2020-05-29T00:00:00Z", "number": 5, "iteration": 124, "person": []}}, {"model": "personal.person", "pk": 1, "fields": {"uci": "1"}}, {"model": "personal.person", "pk": 2, "fields": {"uci": "2"}}, {"model": "personal.person", "pk": 3, "fields": {"uci": "3"}}, {"model": "personal.person", "pk": 4, "fields": {"uci": "4"}}, {"model": "personal.person", "pk": 5, "fields": {"uci": "5"}}, {"model": "personal.person", "pk": 6, "fields": {"uci": "6"}}, {"model": "personal.person", "pk": 7, "fields": {"uci": "7"}}, {"model": "personal.person", "pk": 8, "fields": {"uci": "8"}}, {"model": "personal.person", "pk": 9, "fields": {"uci": "9"}}, {"model": "personal.person", "pk": 10, "fields": {"uci": "10"}}, {"model": "personal.person", "pk": 11, "fields": {"uci": "11"}}, {"model": "personal.person", "pk": 12, "fields": {"uci": "12"}}, {"model": "personal.person", "pk": 13, "fields": {"uci": "13"}}, {"model": "personal.person", "pk": 14, "fields": {"uci": "14"}}, {"model": "personal.person", "pk": 15, "fields": {"uci": "15"}}, {"model": "personal.person", "pk": 16, "fields": {"uci": "16"}}, {"model": "personal.person", "pk": 17, "fields": {"uci": "17"}}, {"model": "personal.person", "pk": 18, "fields": {"uci": "18"}}, {"model": "personal.person", "pk": 19, "fields": {"uci": "19"}}, {"model": "personal.person", "pk": 20, "fields": {"uci": "20"}}, {"model": "personal.person", "pk": 21, "fields": {"uci": "21"}}, {"model": "personal.person", "pk": 22, "fields": {"uci": "22"}}, {"model": "personal.person", "pk": 23, "fields": {"uci": "23"}}, {"model": "personal.person", "pk": 24, "fields": {"uci": "24"}}, {"model": "personal.person", "pk": 25, "fields": {"uci": "25"}}, {"model": "auth.permission", "pk": 1, "fields": {"name": "Can add log entry", "content_type": 1, "codename": "add_logentry"}}, {"model": "auth.permission", "pk": 2, "fields": {"name": "Can change log entry", "content_type": 1, "codename": "change_logentry"}}, {"model": "auth.permission", "pk": 3, "fields": {"name": "Can delete log entry", "content_type": 1, "codename": "delete_logentry"}}, {"model": "auth.permission", "pk": 4, "fields": {"name": "Can view log entry", "content_type": 1, "codename": "view_logentry"}}, {"model": "auth.permission", "pk": 5, "fields": {"name": "Can add permission", "content_type": 2, "codename": "add_permission"}}, {"model": "auth.permission", "pk": 6, "fields": {"name": "Can change permission", "content_type": 2, "codename": "change_permission"}}, {"model": "auth.permission", "pk": 7, "fields": {"name": "Can delete permission", "content_type": 2, "codename": "delete_permission"}}, {"model": "auth.permission", "pk": 8, "fields": {"name": "Can view permission", "content_type": 2, "codename": "view_permission"}}, {"model": "auth.permission", "pk": 9, "fields": {"name": "Can add group", "content_type": 3, "codename": "add_group"}}, {"model": "auth.permission", "pk": 10, "fields": {"name": "Can change group", "content_type": 3, "codename": "change_group"}}, {"model": "auth.permission", "pk": 11, "fields": {"name": "Can delete group", "content_type": 3, "codename": "delete_group"}}, {"model": "auth.permission", "pk": 12, "fields": {"name": "Can view group", "content_type": 3, "codename": "view_group"}}, {"model": "auth.permission", "pk": 13, "fields": {"name": "Can add user", "content_type": 4, "codename": "add_user"}}, {"model": "auth.permission", "pk": 14, "fields": {"name": "Can change user", "content_type": 4, "codename": "change_user"}}, {"model": "auth.permission", "pk": 15, "fields": {"name": "Can delete user", "content_type": 4, "codename": "delete_user"}}, {"model": "auth.permission", "pk": 16, "fields": {"name": "Can view user", "content_type": 4, "codename": "view_user"}}, {"model": "auth.permission", "pk": 17, "fields": {"name": "Can add content type", "content_type": 5, "codename": "add_contenttype"}}, {"model": "auth.permission", "pk": 18, "fields": {"name": "Can change content type", "content_type": 5, "codename": "change_contenttype"}}, {"model": "auth.permission", "pk": 19, "fields": {"name": "Can delete content type", "content_type": 5, "codename": "delete_contenttype"}}, {"model": "auth.permission", "pk": 20, "fields": {"name": "Can view content type", "content_type": 5, "codename": "view_contenttype"}}, {"model": "auth.permission", "pk": 21, "fields": {"name": "Can add session", "content_type": 6, "codename": "add_session"}}, {"model": "auth.permission", "pk": 22, "fields": {"name": "Can change session", "content_type": 6, "codename": "change_session"}}, {"model": "auth.permission", "pk": 23, "fields": {"name": "Can delete session", "content_type": 6, "codename": "delete_session"}}, {"model": "auth.permission", "pk": 24, "fields": {"name": "Can view session", "content_type": 6, "codename": "view_session"}}, {"model": "auth.permission", "pk": 25, "fields": {"name": "Can add student", "content_type": 7, "codename": "add_student"}}, {"model": "auth.permission", "pk": 26, "fields": {"name": "Can change student", "content_type": 7, "codename": "change_student"}}, {"model": "auth.permission", "pk": 27, "fields": {"name": "Can delete student", "content_type": 7, "codename": "delete_student"}}, {"model": "auth.permission", "pk": 28, "fields": {"name": "Can view student", "content_type": 7, "codename": "view_student"}}, {"model": "auth.permission", "pk": 29, "fields": {"name": "Can add iteration", "content_type": 8, "codename": "add_iteration"}}, {"model": "auth.permission", "pk": 30, "fields": {"name": "Can change iteration", "content_type": 8, "codename": "change_iteration"}}, {"model": "auth.permission", "pk": 31, "fields": {"name": "Can delete iteration", "content_type": 8, "codename": "delete_iteration"}}, {"model": "auth.permission", "pk": 32, "fields": {"name": "Can view iteration", "content_type": 8, "codename": "view_iteration"}}, {"model": "auth.permission", "pk": 33, "fields": {"name": "Can add personal", "content_type": 9, "codename": "add_personal"}}, {"model": "auth.permission", "pk": 34, "fields": {"name": "Can change personal", "content_type": 9, "codename": "change_personal"}}, {"model": "auth.permission", "pk": 35, "fields": {"name": "Can delete personal", "content_type": 9, "codename": "delete_personal"}}, {"model": "auth.permission", "pk": 36, "fields": {"name": "Can view personal", "content_type": 9, "codename": "view_personal"}}, {"model": "auth.permission", "pk": 37, "fields": {"name": "Can add shift", "content_type": 10, "codename": "add_shift"}}, {"model": "auth.permission", "pk": 38, "fields": {"name": "Can change shift", "content_type": 10, "codename": "change_shift"}}, {"model": "auth.permission", "pk": 39, "fields": {"name": "Can delete shift", "content_type": 10, "codename": "delete_shift"}}, {"model": "auth.permission", "pk": 40, "fields": {"name": "Can view shift", "content_type": 10, "codename": "view_shift"}}, {"model": "auth.permission", "pk": 41, "fields": {"name": "Can add person", "content_type": 11, "codename": "add_person"}}, {"model": "auth.permission", "pk": 42, "fields": {"name": "Can change person", "content_type": 11, "codename": "change_person"}}, {"model": "auth.permission", "pk": 43, "fields": {"name": "Can delete person", "content_type": 11, "codename": "delete_person"}}, {"model": "auth.permission", "pk": 44, "fields": {"name": "Can view person", "content_type": 11, "codename": "view_person"}}, {"model": "auth.permission", "pk": 45, "fields": {"name": "Can add specific day", "content_type": 12, "codename": "add_specificday"}}, {"model": "auth.permission", "pk": 46, "fields": {"name": "Can change specific day", "content_type": 12, "codename": "change_specificday"}}, {"model": "auth.permission", "pk": 47, "fields": {"name": "Can delete specific day", "content_type": 12, "codename": "delete_specificday"}}, {"model": "auth.permission", "pk": 48, "fields": {"name": "Can view specific day", "content_type": 12, "codename": "view_specificday"}}, {"model": "auth.user", "pk": 1, "fields": {"password": "pbkdf2_sha256$180000$ehKz9E1v4Csk$EdszevANlj/oAaT6FX0oe9jOR4uYwfuZsioEIoslvYY=", "last_login": "2020-03-26T03:02:01.703Z", "is_superuser": true, "username": "aanunez", "first_name": "", "last_name": "", "email": "aanunez@estudiantes.uci.cu", "is_staff": true, "is_active": true, "date_joined": "2020-03-26T03:00:56.241Z", "groups": [], "user_permissions": []}}, {"model": "admin.logentry", "pk": 1, "fields": {"action_time": "2020-03-26T03:02:36.982Z", "user": 1, "content_type": 11, "object_id": "1", "object_repr": "person object (1)", "action_flag": 1, "change_message": "[{\"added\": {}}]"}}, {"model": "admin.logentry", "pk": 2, "fields": {"action_time": "2020-03-26T03:02:40.878Z", "user": 1, "content_type": 11, "object_id": "2", "object_repr": "person object (2)", "action_flag": 1, "change_message": "[{\"added\": {}}]"}}, {"model": "admin.logentry", "pk": 3, "fields": {"action_time": "2020-03-26T03:02:44.726Z", "user": 1, "content_type": 11, "object_id": "3", "object_repr": "person object (3)", "action_flag": 1, "change_message": "[{\"added\": {}}]"}}, {"model": "admin.logentry", "pk": 4, "fields": {"action_time": "2020-03-26T03:02:48.524Z", "user": 1, "content_type": 11, "object_id": "4", "object_repr": "person object (4)", "action_flag": 1, "change_message": "[{\"added\": {}}]"}}, {"model": "admin.logentry", "pk": 5, "fields": {"action_time": "2020-03-26T03:02:52.994Z", "user": 1, "content_type": 11, "object_id": "5", "object_repr": "person object (5)", "action_flag": 1, "change_message": "[{\"added\": {}}]"}}, {"model": "admin.logentry", "pk": 6, "fields": {"action_time": "2020-03-26T03:02:56.805Z", "user": 1, "content_type": 11, "object_id": "6", "object_repr": "person object (6)", "action_flag": 1, "change_message": "[{\"added\": {}}]"}}, {"model": "admin.logentry", "pk": 7, "fields": {"action_time": "2020-03-26T03:03:00.218Z", "user": 1, "content_type": 11, "object_id": "7", "object_repr": "person object (7)", "action_flag": 1, "change_message": "[{\"added\": {}}]"}}, {"model": "admin.logentry", "pk": 8, "fields": {"action_time": "2020-03-26T03:03:03.602Z", "user": 1, "content_type": 11, "object_id": "8", "object_repr": "person object (8)", "action_flag": 1, "change_message": "[{\"added\": {}}]"}}, {"model": "admin.logentry", "pk": 9, "fields": {"action_time": "2020-03-26T03:03:07.797Z", "user": 1, "content_type": 11, "object_id": "9", "object_repr": "person object (9)", "action_flag": 1, "change_message": "[{\"added\": {}}]"}}, {"model": "admin.logentry", "pk": 10, "fields": {"action_time": "2020-03-26T03:03:11.028Z", "user": 1, "content_type": 11, "object_id": "10", "object_repr": "person object (10)", "action_flag": 1, "change_message": "[{\"added\": {}}]"}}, {"model": "admin.logentry", "pk": 11, "fields": {"action_time": "2020-03-26T03:04:16.243Z", "user": 1, "content_type": 9, "object_id": "1", "object_repr": "Personal object (1)", "action_flag": 1, "change_message": "[{\"added\": {}}]"}}, {"model": "admin.logentry", "pk": 12, "fields": {"action_time": "2020-03-26T03:04:24.019Z", "user": 1, "content_type": 9, "object_id": "2", "object_repr": "Personal object (2)", "action_flag": 1, "change_message": "[{\"added\": {}}]"}}, {"model": "admin.logentry", "pk": 13, "fields": {"action_time": "2020-03-26T03:04:32.366Z", "user": 1, "content_type": 9, "object_id": "3", "object_repr": "Personal object (3)", "action_flag": 1, "change_message": "[{\"added\": {}}]"}}, {"model": "admin.logentry", "pk": 14, "fields": {"action_time": "2020-03-26T03:04:41.342Z", "user": 1, "content_type": 9, "object_id": "4", "object_repr": "Personal object (4)", "action_flag": 1, "change_message": "[{\"added\": {}}]"}}, {"model": "admin.logentry", "pk": 15, "fields": {"action_time": "2020-03-26T03:04:49.314Z", "user": 1, "content_type": 9, "object_id": "5", "object_repr": "Personal object (5)", "action_flag": 1, "change_message": "[{\"added\": {}}]"}}, {"model": "admin.logentry", "pk": 16, "fields": {"action_time": "2020-03-26T03:05:00.489Z", "user": 1, "content_type": 9, "object_id": "6", "object_repr": "Personal object (6)", "action_flag": 1, "change_message": "[{\"added\": {}}]"}}, {"model": "admin.logentry", "pk": 17, "fields": {"action_time": "2020-03-26T03:05:17.548Z", "user": 1, "content_type": 9, "object_id": "7", "object_repr": "Personal object (7)", "action_flag": 1, "change_message": "[{\"added\": {}}]"}}, {"model": "admin.logentry", "pk": 18, "fields": {"action_time": "2020-03-26T03:05:25.843Z", "user": 1, "content_type": 9, "object_id": "8", "object_repr": "Personal object (8)", "action_flag": 1, "change_message": "[{\"added\": {}}]"}}, {"model": "admin.logentry", "pk": 19, "fields": {"action_time": "2020-03-26T03:05:37.663Z", "user": 1, "content_type": 9, "object_id": "9", "object_repr": "Personal object (9)", "action_flag": 1, "change_message": "[{\"added\": {}}]"}}, {"model": "admin.logentry", "pk": 20, "fields": {"action_time": "2020-03-26T03:05:47.900Z", "user": 1, "content_type": 9, "object_id": "10", "object_repr": "Personal object (10)", "action_flag": 1, "change_message": "[{\"added\": {}}]"}}, {"model": "admin.logentry", "pk": 21, "fields": {"action_time": "2020-03-26T04:48:08.869Z", "user": 1, "content_type": 9, "object_id": "10", "object_repr": "Personal object (10)", "action_flag": 2, "change_message": "[{\"changed\": {\"fields\": [\"Role\"]}}]"}}, {"model": "admin.logentry", "pk": 22, "fields": {"action_time": "2020-03-27T18:19:19.085Z", "user": 1, "content_type": 11, "object_id": "11", "object_repr": "Person object (11)", "action_flag": 1, "change_message": "[{\"added\": {}}]"}}, {"model": "admin.logentry", "pk": 23, "fields": {"action_time": "2020-03-27T18:19:25.846Z", "user": 1, "content_type": 9, "object_id": "11", "object_repr": "Personal object (11)", "action_flag": 1, "change_message": "[{\"added\": {}}]"}}, {"model": "admin.logentry", "pk": 24, "fields": {"action_time": "2020-03-27T18:19:47.879Z", "user": 1, "content_type": 11, "object_id": "12", "object_repr": "Person object (12)", "action_flag": 1, "change_message": "[{\"added\": {}}]"}}, {"model": "admin.logentry", "pk": 25, "fields": {"action_time": "2020-03-27T18:19:50.746Z", "user": 1, "content_type": 9, "object_id": "12", "object_repr": "Personal object (12)", "action_flag": 1, "change_message": "[{\"added\": {}}]"}}, {"model": "admin.logentry", "pk": 26, "fields": {"action_time": "2020-03-27T18:20:03.530Z", "user": 1, "content_type": 11, "object_id": "13", "object_repr": "Person object (13)", "action_flag": 1, "change_message": "[{\"added\": {}}]"}}, {"model": "admin.logentry", "pk": 27, "fields": {"action_time": "2020-03-27T18:20:06.353Z", "user": 1, "content_type": 9, "object_id": "13", "object_repr": "Personal object (13)", "action_flag": 1, "change_message": "[{\"added\": {}}]"}}, {"model": "admin.logentry", "pk": 28, "fields": {"action_time": "2020-03-27T18:20:20.533Z", "user": 1, "content_type": 11, "object_id": "14", "object_repr": "Person object (14)", "action_flag": 1, "change_message": "[{\"added\": {}}]"}}, {"model": "admin.logentry", "pk": 29, "fields": {"action_time": "2020-03-27T18:20:25.251Z", "user": 1, "content_type": 9, "object_id": "14", "object_repr": "Personal object (14)", "action_flag": 1, "change_message": "[{\"added\": {}}]"}}, {"model": "admin.logentry", "pk": 30, "fields": {"action_time": "2020-03-27T18:20:39.854Z", "user": 1, "content_type": 11, "object_id": "15", "object_repr": "Person object (15)", "action_flag": 1, "change_message": "[{\"added\": {}}]"}}, {"model": "admin.logentry", "pk": 31, "fields": {"action_time": "2020-03-27T18:20:42.536Z", "user": 1, "content_type": 9, "object_id": "15", "object_repr": "Personal object (15)", "action_flag": 1, "change_message": "[{\"added\": {}}]"}}, {"model": "admin.logentry", "pk": 32, "fields": {"action_time": "2020-03-27T18:21:06.647Z", "user": 1, "content_type": 11, "object_id": "16", "object_repr": "Person object (16)", "action_flag": 1, "change_message": "[{\"added\": {}}]"}}, {"model": "admin.logentry", "pk": 33, "fields": {"action_time": "2020-03-27T18:21:19.925Z", "user": 1, "content_type": 11, "object_id": "16", "object_repr": "Person object (16)", "action_flag": 2, "change_message": "[{\"changed\": {\"fields\": [\"Uci\"]}}]"}}, {"model": "admin.logentry", "pk": 34, "fields": {"action_time": "2020-03-27T18:21:36.438Z", "user": 1, "content_type": 9, "object_id": "16", "object_repr": "Personal object (16)", "action_flag": 1, "change_message": "[{\"added\": {}}]"}}, {"model": "admin.logentry", "pk": 35, "fields": {"action_time": "2020-03-27T18:21:54.857Z", "user": 1, "content_type": 11, "object_id": "17", "object_repr": "Person object (17)", "action_flag": 1, "change_message": "[{\"added\": {}}]"}}, {"model": "admin.logentry", "pk": 36, "fields": {"action_time": "2020-03-27T18:21:58.970Z", "user": 1, "content_type": 9, "object_id": "17", "object_repr": "Personal object (17)", "action_flag": 1, "change_message": "[{\"added\": {}}]"}}, {"model": "admin.logentry", "pk": 37, "fields": {"action_time": "2020-03-27T19:24:13.774Z", "user": 1, "content_type": 9, "object_id": "17", "object_repr": "Personal object (17)", "action_flag": 2, "change_message": "[{\"changed\": {\"fields\": [\"Available\"]}}]"}}, {"model": "admin.logentry", "pk": 38, "fields": {"action_time": "2020-03-27T19:52:41.514Z", "user": 1, "content_type": 9, "object_id": "17", "object_repr": "Personal object (17)", "action_flag": 2, "change_message": "[{\"changed\": {\"fields\": [\"Role\"]}}]"}}, {"model": "admin.logentry", "pk": 39, "fields": {"action_time": "2020-03-28T16:44:03.160Z", "user": 1, "content_type": 11, "object_id": "18", "object_repr": "Person object (18)", "action_flag": 1, "change_message": "[{\"added\": {}}]"}}, {"model": "admin.logentry", "pk": 40, "fields": {"action_time": "2020-03-28T16:44:09.084Z", "user": 1, "content_type": 9, "object_id": "18", "object_repr": "Personal object (18)", "action_flag": 1, "change_message": "[{\"added\": {}}]"}}, {"model": "admin.logentry", "pk": 41, "fields": {"action_time": "2020-03-28T16:44:27.453Z", "user": 1, "content_type": 11, "object_id": "19", "object_repr": "Person object (19)", "action_flag": 1, "change_message": "[{\"added\": {}}]"}}, {"model": "admin.logentry", "pk": 42, "fields": {"action_time": "2020-03-28T16:44:30.628Z", "user": 1, "content_type": 9, "object_id": "19", "object_repr": "Personal object (19)", "action_flag": 1, "change_message": "[{\"added\": {}}]"}}, {"model": "admin.logentry", "pk": 43, "fields": {"action_time": "2020-03-28T16:44:45.060Z", "user": 1, "content_type": 11, "object_id": "20", "object_repr": "Person object (20)", "action_flag": 1, "change_message": "[{\"added\": {}}]"}}, {"model": "admin.logentry", "pk": 44, "fields": {"action_time": "2020-03-28T16:44:52.224Z", "user": 1, "content_type": 9, "object_id": "20", "object_repr": "Personal object (20)", "action_flag": 1, "change_message": "[{\"added\": {}}]"}}, {"model": "admin.logentry", "pk": 45, "fields": {"action_time": "2020-03-28T16:45:06.894Z", "user": 1, "content_type": 11, "object_id": "21", "object_repr": "Person object (21)", "action_flag": 1, "change_message": "[{\"added\": {}}]"}}, {"model": "admin.logentry", "pk": 46, "fields": {"action_time": "2020-03-28T16:45:10.190Z", "user": 1, "content_type": 9, "object_id": "21", "object_repr": "Personal object (21)", "action_flag": 1, "change_message": "[{\"added\": {}}]"}}, {"model": "admin.logentry", "pk": 47, "fields": {"action_time": "2020-03-28T16:45:28.313Z", "user": 1, "content_type": 11, "object_id": "22", "object_repr": "Person object (22)", "action_flag": 1, "change_message": "[{\"added\": {}}]"}}, {"model": "admin.logentry", "pk": 48, "fields": {"action_time": "2020-03-28T16:45:31.804Z", "user": 1, "content_type": 9, "object_id": "22", "object_repr": "Personal object (22)", "action_flag": 1, "change_message": "[{\"added\": {}}]"}}, {"model": "admin.logentry", "pk": 49, "fields": {"action_time": "2020-03-28T16:45:49.927Z", "user": 1, "content_type": 11, "object_id": "23", "object_repr": "Person object (23)", "action_flag": 1, "change_message": "[{\"added\": {}}]"}}, {"model": "admin.logentry", "pk": 50, "fields": {"action_time": "2020-03-28T16:45:52.561Z", "user": 1, "content_type": 9, "object_id": "23", "object_repr": "Personal object (23)", "action_flag": 1, "change_message": "[{\"added\": {}}]"}}, {"model": "admin.logentry", "pk": 51, "fields": {"action_time": "2020-03-28T16:46:13.797Z", "user": 1, "content_type": 11, "object_id": "24", "object_repr": "Person object (24)", "action_flag": 1, "change_message": "[{\"added\": {}}]"}}, {"model": "admin.logentry", "pk": 52, "fields": {"action_time": "2020-03-28T16:46:17.448Z", "user": 1, "content_type": 9, "object_id": "24", "object_repr": "Personal object (24)", "action_flag": 1, "change_message": "[{\"added\": {}}]"}}, {"model": "admin.logentry", "pk": 53, "fields": {"action_time": "2020-03-29T21:43:10.676Z", "user": 1, "content_type": 11, "object_id": "25", "object_repr": "Person object (25)", "action_flag": 1, "change_message": "[{\"added\": {}}]"}}, {"model": "admin.logentry", "pk": 54, "fields": {"action_time": "2020-03-29T21:43:35.977Z", "user": 1, "content_type": 9, "object_id": "25", "object_repr": "Personal object (25)", "action_flag": 1, "change_message": "[{\"added\": {}}]"}}, {"model": "admin.logentry", "pk": 55, "fields": {"action_time": "2020-03-29T21:52:24.439Z", "user": 1, "content_type": 9, "object_id": "25", "object_repr": "Personal object (25)", "action_flag": 2, "change_message": "[]"}}, {"model": "admin.logentry", "pk": 56, "fields": {"action_time": "2020-03-29T21:52:50.838Z", "user": 1, "content_type": 9, "object_id": "20", "object_repr": "Personal object (20)", "action_flag": 2, "change_message": "[{\"changed\": {\"fields\": [\"Sex\"]}}]"}}, {"model": "admin.logentry", "pk": 57, "fields": {"action_time": "2020-03-29T21:53:08.139Z", "user": 1, "content_type": 9, "object_id": "1", "object_repr": "Personal object (1)", "action_flag": 2, "change_message": "[{\"changed\": {\"fields\": [\"Sex\"]}}]"}}, {"model": "admin.logentry", "pk": 58, "fields": {"action_time": "2020-03-29T21:53:22.046Z", "user": 1, "content_type": 9, "object_id": "3", "object_repr": "Personal object (3)", "action_flag": 2, "change_message": "[{\"changed\": {\"fields\": [\"Sex\"]}}]"}}, {"model": "admin.logentry", "pk": 59, "fields": {"action_time": "2020-03-29T21:54:10.915Z", "user": 1, "content_type": 9, "object_id": "24", "object_repr": "Personal object (24)", "action_flag": 2, "change_message": "[{\"changed\": {\"fields\": [\"Sex\"]}}]"}}, {"model": "admin.logentry", "pk": 60, "fields": {"action_time": "2020-04-01T00:00:28.199Z", "user": 1, "content_type": 9, "object_id": "25", "object_repr": "Personal object (25)", "action_flag": 2, "change_message": "[{\"changed\": {\"fields\": [\"Days\"]}}]"}}, {"model": "admin.logentry", "pk": 61, "fields": {"action_time": "2020-04-01T00:00:52.778Z", "user": 1, "content_type": 9, "object_id": "25", "object_repr": "Personal object (25)", "action_flag": 2, "change_message": "[{\"changed\": {\"fields\": [\"Days\"]}}]"}}, {"model": "admin.logentry", "pk": 62, "fields": {"action_time": "2020-04-01T00:09:33.976Z", "user": 1, "content_type": 9, "object_id": "25", "object_repr": "Personal object (25)", "action_flag": 2, "change_message": "[{\"changed\": {\"fields\": [\"Days\"]}}]"}}, {"model": "admin.logentry", "pk": 63, "fields": {"action_time": "2020-04-01T00:18:34.145Z", "user": 1, "content_type": 9, "object_id": "25", "object_repr": "Personal object (25)", "action_flag": 2, "change_message": "[{\"changed\": {\"fields\": [\"Days\"]}}]"}}]